"","date","lib","prix"
"326700",2009-01-06,"BIAT",37.1
"326712",2009-01-28,"BIAT",37.15
"326714",2009-01-26,"BIAT",37.16
"326764",2009-01-20,"BIAT",37.21
"326801",2009-01-07,"BIAT",37.3
"326802",2009-01-22,"BIAT",37.3
"326803",2009-01-23,"BIAT",37.3
"326871",2009-01-27,"BIAT",37.38
"326879",2009-01-05,"BIAT",37.39
"326880",2009-01-13,"BIAT",37.39
"326881",2009-01-14,"BIAT",37.39
"326882",2009-01-21,"BIAT",37.39
"326911",2009-01-12,"BIAT",37.4
"326912",2009-01-15,"BIAT",37.4
"326913",2009-01-16,"BIAT",37.4
"326939",2009-01-19,"BIAT",37.45
"326949",2009-01-09,"BIAT",37.47
"326954",2009-01-02,"BIAT",37.48
"326955",2009-01-08,"BIAT",37.48
"327003",2009-02-05,"BIAT",37.5
"327138",2009-02-06,"BIAT",37.7
"327248",2009-02-04,"BIAT",37.9
"327378",2009-01-29,"BIAT",38
"327379",2009-01-30,"BIAT",38
"327566",2009-02-09,"BIAT",38.22
"327712",2009-02-10,"BIAT",38.45
"328814",2009-02-11,"BIAT",39.6
"329083",2009-02-19,"BIAT",40
"329084",2009-02-26,"BIAT",40
"329108",2009-02-24,"BIAT",40.01
"329139",2009-02-25,"BIAT",40.1
"329202",2009-03-02,"BIAT",40.2
"329254",2009-02-27,"BIAT",40.34
"329257",2009-02-23,"BIAT",40.36
"329259",2009-02-20,"BIAT",40.37
"329261",2009-02-18,"BIAT",40.39
"329314",2009-03-10,"BIAT",40.49
"329349",2009-02-17,"BIAT",40.5
"329350",2009-03-03,"BIAT",40.5
"329351",2009-03-04,"BIAT",40.5
"329352",2009-03-05,"BIAT",40.5
"329359",2009-03-06,"BIAT",40.52
"329540",2009-02-16,"BIAT",40.9
"329541",2009-03-26,"BIAT",40.9
"329542",2009-03-27,"BIAT",40.9
"329545",2009-03-30,"BIAT",40.91
"329815",2009-02-12,"BIAT",41
"329816",2009-02-13,"BIAT",41
"329817",2009-03-24,"BIAT",41
"329818",2009-03-25,"BIAT",41
"330015",2009-03-13,"BIAT",41.3
"330107",2009-03-17,"BIAT",41.4
"330128",2009-03-16,"BIAT",41.48
"330210",2009-04-06,"BIAT",41.6
"330211",2009-04-07,"BIAT",41.6
"330281",2009-04-02,"BIAT",41.8
"330316",2009-04-03,"BIAT",41.9
"330319",2009-03-31,"BIAT",41.91
"330340",2009-04-01,"BIAT",41.94
"330580",2009-03-23,"BIAT",42
"330581",2009-04-08,"BIAT",42
"330757",2009-04-13,"BIAT",42.2
"330765",2009-04-14,"BIAT",42.25
"330799",2009-03-18,"BIAT",42.3
"331004",2009-03-19,"BIAT",42.7
"331005",2009-04-10,"BIAT",42.7
"331006",2009-05-13,"BIAT",42.7
"331075",2009-06-02,"BIAT",42.9
"331096",2009-05-14,"BIAT",42.95
"331109",2009-05-05,"BIAT",42.98
"331292",2009-05-06,"BIAT",43
"331293",2009-05-07,"BIAT",43
"331294",2009-05-26,"BIAT",43
"331295",2009-06-01,"BIAT",43
"331296",2009-06-03,"BIAT",43
"331297",2009-06-04,"BIAT",43
"331298",2009-06-05,"BIAT",43
"331299",2009-06-08,"BIAT",43
"331303",2009-05-27,"BIAT",43.01
"331319",2009-05-04,"BIAT",43.06
"331328",2009-05-08,"BIAT",43.1
"331330",2009-05-29,"BIAT",43.1
"331341",2009-05-20,"BIAT",43.19
"331350",2009-05-19,"BIAT",43.2
"331383",2009-04-23,"BIAT",43.3
"331384",2009-05-15,"BIAT",43.3
"331385",2009-05-18,"BIAT",43.3
"331386",2009-05-21,"BIAT",43.3
"331387",2009-05-25,"BIAT",43.3
"331388",2009-05-28,"BIAT",43.3
"331414",2009-05-12,"BIAT",43.36
"331438",2009-05-11,"BIAT",43.4
"331439",2009-06-09,"BIAT",43.4
"331440",2009-06-10,"BIAT",43.4
"331483",2009-04-29,"BIAT",43.5
"331484",2009-05-22,"BIAT",43.5
"331485",2009-06-15,"BIAT",43.5
"331486",2009-06-16,"BIAT",43.5
"331487",2009-06-17,"BIAT",43.5
"331488",2009-06-18,"BIAT",43.5
"331495",2009-04-24,"BIAT",43.51
"331496",2009-04-27,"BIAT",43.51
"331505",2009-04-16,"BIAT",43.54
"331506",2009-04-28,"BIAT",43.54
"331611",2009-04-22,"BIAT",43.7
"331612",2009-04-30,"BIAT",43.7
"331643",2009-04-21,"BIAT",43.81
"331694",2009-04-17,"BIAT",43.9
"331716",2009-04-20,"BIAT",43.98
"331723",2009-06-11,"BIAT",43.99
"331810",2009-06-19,"BIAT",44.1
"331811",2009-06-22,"BIAT",44.1
"331812",2009-06-23,"BIAT",44.1
"331848",2009-06-12,"BIAT",44.29
"332164",2009-04-15,"BIAT",44.76
"332322",2009-06-24,"BIAT",45
"332560",2009-06-25,"BIAT",45.61
"333428",2009-06-26,"BIAT",47.67
"333570",2009-07-06,"BIAT",48
"333571",2009-07-07,"BIAT",48
"333572",2009-07-09,"BIAT",48
"333573",2009-08-03,"BIAT",48
"333574",2009-08-04,"BIAT",48
"333577",2009-08-18,"BIAT",48
"333578",2009-08-24,"BIAT",48
"333617",2009-07-31,"BIAT",48.1
"333618",2009-08-07,"BIAT",48.1
"333619",2009-07-08,"BIAT",48.11
"333625",2009-07-30,"BIAT",48.15
"333626",2009-08-25,"BIAT",48.15
"333647",2009-07-29,"BIAT",48.29
"333651",2009-07-22,"BIAT",48.31
"333652",2009-07-23,"BIAT",48.31
"333667",2009-07-27,"BIAT",48.4
"333683",2009-07-28,"BIAT",48.45
"333705",2009-07-13,"BIAT",48.5
"333706",2009-07-14,"BIAT",48.5
"333707",2009-07-15,"BIAT",48.5
"333708",2009-08-12,"BIAT",48.5
"333709",2009-08-17,"BIAT",48.5
"333710",2009-08-26,"BIAT",48.5
"333718",2009-08-20,"BIAT",48.51
"333728",2009-07-16,"BIAT",48.6
"333742",2009-08-21,"BIAT",48.7
"333770",2009-07-03,"BIAT",48.8
"333771",2009-07-10,"BIAT",48.8
"333772",2009-07-17,"BIAT",48.8
"333773",2009-07-24,"BIAT",48.8
"333796",2009-07-21,"BIAT",48.9
"333797",2009-08-14,"BIAT",48.9
"333798",2009-08-27,"BIAT",48.9
"333873",2009-07-20,"BIAT",49
"333874",2009-08-28,"BIAT",49
"333875",2009-08-31,"BIAT",49
"333896",2009-07-02,"BIAT",49.11
"333902",2009-08-06,"BIAT",49.18
"333903",2009-09-01,"BIAT",49.18
"333929",2009-08-05,"BIAT",49.44
"333940",2009-08-11,"BIAT",49.48
"333959",2009-08-10,"BIAT",49.5
"334181",2009-09-02,"BIAT",50.45
"334212",2009-06-29,"BIAT",50.53
"334220",2009-07-01,"BIAT",50.6
"334303",2009-09-03,"BIAT",51.11
"334353",2009-09-08,"BIAT",51.54
"334406",2009-06-30,"BIAT",51.99
"334434",2009-09-07,"BIAT",52
"334435",2009-09-09,"BIAT",52
"334574",2009-09-04,"BIAT",52.6
"334702",2011-06-20,"BIAT",53.02
"334732",2009-09-10,"BIAT",53.2
"334832",2011-06-21,"BIAT",53.51
"334835",2009-09-14,"BIAT",53.52
"335029",2009-09-11,"BIAT",54
"335036",2011-05-26,"BIAT",54.02
"335037",2011-06-22,"BIAT",54.02
"335068",2011-05-27,"BIAT",54.2
"335103",2011-05-23,"BIAT",54.3
"335106",2011-06-06,"BIAT",54.31
"335111",2011-02-25,"BIAT",54.36
"335120",2009-10-05,"BIAT",54.4
"335125",2009-11-02,"BIAT",54.41
"335126",2009-11-03,"BIAT",54.42
"335148",2011-05-30,"BIAT",54.49
"335238",2011-05-25,"BIAT",54.9
"335241",2009-09-17,"BIAT",54.9
"335248",2011-05-13,"BIAT",54.95
"335250",2011-06-07,"BIAT",54.98
"335254",2011-05-31,"BIAT",54.99
"335293",2011-04-15,"BIAT",55
"335294",2011-05-12,"BIAT",55
"335295",2011-05-18,"BIAT",55
"335296",2011-05-20,"BIAT",55
"335297",2011-06-02,"BIAT",55
"335298",2011-06-03,"BIAT",55
"335299",2011-06-09,"BIAT",55
"335320",2009-10-02,"BIAT",55
"335323",2009-10-06,"BIAT",55
"335342",2011-04-14,"BIAT",55.02
"335345",2009-10-07,"BIAT",55.02
"335352",2011-04-18,"BIAT",55.2
"335357",2009-10-27,"BIAT",55.2
"335358",2009-11-09,"BIAT",55.2
"335399",2009-11-10,"BIAT",55.3
"335402",2011-05-24,"BIAT",55.35
"335412",2009-11-06,"BIAT",55.38
"335413",2009-11-04,"BIAT",55.39
"335414",2009-11-05,"BIAT",55.39
"335416",2011-06-08,"BIAT",55.4
"335423",2011-05-11,"BIAT",55.48
"335429",2011-05-10,"BIAT",55.5
"335430",2011-05-19,"BIAT",55.5
"335431",2011-06-01,"BIAT",55.5
"335443",2009-10-22,"BIAT",55.5
"335444",2009-10-23,"BIAT",55.5
"335445",2009-10-28,"BIAT",55.5
"335446",2009-10-29,"BIAT",55.5
"335448",2009-10-09,"BIAT",55.51
"335462",2009-09-15,"BIAT",55.62
"335463",2009-09-16,"BIAT",55.62
"335464",2011-05-05,"BIAT",55.63
"335467",2009-10-01,"BIAT",55.7
"335468",2009-10-30,"BIAT",55.7
"335471",2011-05-16,"BIAT",55.74
"335477",2009-12-03,"BIAT",55.76
"335480",2011-06-17,"BIAT",55.78
"335482",2011-06-10,"BIAT",55.8
"335504",2011-04-29,"BIAT",55.9
"335507",2009-10-26,"BIAT",55.9
"335508",2009-11-18,"BIAT",55.9
"335539",2011-05-06,"BIAT",56
"335540",2011-05-17,"BIAT",56
"335541",2011-06-13,"BIAT",56
"335566",2009-09-18,"BIAT",56
"335570",2009-11-19,"BIAT",56
"335571",2009-11-20,"BIAT",56
"335572",2009-12-02,"BIAT",56
"335579",2009-12-04,"BIAT",56.03
"335580",2011-04-21,"BIAT",56.04
"335582",2009-10-21,"BIAT",56.04
"335583",2009-11-23,"BIAT",56.04
"335586",2009-09-30,"BIAT",56.06
"335596",2009-11-12,"BIAT",56.1
"335597",2011-06-23,"BIAT",56.12
"335606",2009-10-08,"BIAT",56.2
"335607",2009-11-17,"BIAT",56.21
"335610",2009-11-11,"BIAT",56.24
"335612",2011-07-04,"BIAT",56.26
"335693",2009-11-24,"BIAT",56.5
"335694",2009-11-25,"BIAT",56.5
"335695",2009-11-26,"BIAT",56.5
"335696",2009-12-01,"BIAT",56.5
"335713",2011-02-24,"BIAT",56.57
"335718",2011-05-09,"BIAT",56.59
"335725",2011-04-28,"BIAT",56.62
"335737",2011-07-05,"BIAT",56.75
"335739",2011-03-07,"BIAT",56.8
"335740",2011-04-19,"BIAT",56.8
"335744",2009-11-16,"BIAT",56.8
"335745",2009-10-20,"BIAT",56.81
"335758",2011-06-28,"BIAT",56.88
"335759",2011-06-27,"BIAT",56.89
"335795",2009-11-30,"BIAT",56.95
"335802",2009-10-19,"BIAT",56.98
"335808",2009-11-13,"BIAT",56.99
"335820",2011-04-22,"BIAT",57
"335821",2011-06-15,"BIAT",57
"335822",2011-06-24,"BIAT",57
"335842",2009-09-24,"BIAT",57
"335843",2009-09-25,"BIAT",57
"335844",2009-10-15,"BIAT",57
"335845",2009-12-07,"BIAT",57
"335851",2009-09-23,"BIAT",57.01
"335852",2009-10-16,"BIAT",57.01
"335876",2011-06-16,"BIAT",57.1
"335883",2009-10-12,"BIAT",57.19
"335902",2011-06-14,"BIAT",57.21
"335922",2011-04-13,"BIAT",57.31
"335926",2009-10-14,"BIAT",57.34
"335927",2011-05-04,"BIAT",57.35
"335935",2009-09-29,"BIAT",57.38
"335936",2009-10-13,"BIAT",57.38
"335938",2011-05-02,"BIAT",57.4
"335941",2011-06-29,"BIAT",57.43
"335968",2011-03-10,"BIAT",57.5
"335969",2011-03-14,"BIAT",57.5
"335970",2011-07-06,"BIAT",57.5
"335995",2011-07-11,"BIAT",57.6
"336015",2011-05-03,"BIAT",57.78
"336018",2011-07-12,"BIAT",57.8
"336033",2011-07-08,"BIAT",57.9
"336034",2011-07-13,"BIAT",57.9
"336042",2011-03-11,"BIAT",57.92
"336059",2011-07-07,"BIAT",57.99
"336062",2009-09-28,"BIAT",57.99
"336072",2011-04-20,"BIAT",58
"336073",2011-04-27,"BIAT",58
"336074",2011-06-30,"BIAT",58
"336093",2009-12-08,"BIAT",58
"336094",2009-12-09,"BIAT",58
"336095",2009-12-10,"BIAT",58
"336128",2011-03-17,"BIAT",58.13
"336142",2011-07-14,"BIAT",58.25
"336151",2011-07-15,"BIAT",58.4
"336155",2011-07-01,"BIAT",58.45
"336265",2011-04-12,"BIAT",59
"336266",2011-04-25,"BIAT",59
"336267",2011-04-26,"BIAT",59
"336269",2011-07-18,"BIAT",59
"336350",2011-03-15,"BIAT",59.1
"336369",2011-02-23,"BIAT",59.21
"336381",2011-03-09,"BIAT",59.3
"336382",2011-03-16,"BIAT",59.3
"336384",2011-03-08,"BIAT",59.35
"336386",2011-07-19,"BIAT",59.4
"336407",2012-10-19,"BIAT",59.5
"336408",2012-12-05,"BIAT",59.5
"336436",2012-10-09,"BIAT",59.6
"336437",2012-10-17,"BIAT",59.6
"336447",2009-12-14,"BIAT",59.7
"336466",2011-03-18,"BIAT",59.87
"336478",2012-10-22,"BIAT",59.98
"336498",2011-03-30,"BIAT",60
"336499",2011-04-08,"BIAT",60
"336521",2013-12-19,"BIAT",60
"336526",2012-10-08,"BIAT",60
"336527",2012-10-11,"BIAT",60
"336528",2012-10-12,"BIAT",60
"336529",2012-10-16,"BIAT",60
"336530",2012-10-18,"BIAT",60
"336531",2012-10-23,"BIAT",60
"336532",2012-12-06,"BIAT",60
"336533",2012-12-12,"BIAT",60
"336534",2012-12-14,"BIAT",60
"336551",2009-12-15,"BIAT",60
"336556",2011-03-31,"BIAT",60.01
"336560",2012-12-13,"BIAT",60.01
"336565",2013-12-30,"BIAT",60.03
"336593",2011-08-09,"BIAT",60.15
"336594",2012-10-03,"BIAT",60.15
"336599",2013-12-25,"BIAT",60.2
"336606",2013-12-31,"BIAT",60.25
"336611",2014-01-03,"BIAT",60.3
"336612",2014-01-16,"BIAT",60.3
"336617",2011-02-03,"BIAT",60.39
"336631",2011-02-02,"BIAT",60.45
"336634",2014-01-17,"BIAT",60.45
"336653",2013-12-27,"BIAT",60.49
"336658",2011-04-11,"BIAT",60.5
"336659",2011-08-01,"BIAT",60.5
"336664",2014-01-20,"BIAT",60.5
"336665",2014-01-21,"BIAT",60.5
"336666",2014-01-22,"BIAT",60.5
"336667",2014-01-23,"BIAT",60.5
"336668",2013-12-20,"BIAT",60.5
"336669",2012-10-04,"BIAT",60.5
"336670",2012-10-05,"BIAT",60.5
"336671",2012-11-30,"BIAT",60.5
"336672",2012-12-04,"BIAT",60.5
"336674",2011-04-06,"BIAT",60.51
"336676",2011-08-02,"BIAT",60.6
"336677",2012-12-03,"BIAT",60.6
"336679",2011-07-27,"BIAT",60.61
"336681",2014-07-17,"BIAT",60.63
"336686",2011-08-15,"BIAT",60.68
"336687",2011-07-29,"BIAT",60.7
"336689",2011-08-24,"BIAT",60.71
"336690",2013-12-18,"BIAT",60.73
"336725",2011-07-28,"BIAT",60.9
"336726",2011-08-11,"BIAT",60.9
"336732",2009-12-22,"BIAT",60.9
"336740",2012-10-25,"BIAT",60.98
"336746",2011-02-18,"BIAT",61
"336747",2011-04-01,"BIAT",61
"336748",2011-04-07,"BIAT",61
"336752",2011-08-03,"BIAT",61
"336755",2014-01-02,"BIAT",61
"336756",2014-01-07,"BIAT",61
"336757",2014-01-09,"BIAT",61
"336772",2013-12-23,"BIAT",61
"336773",2013-12-26,"BIAT",61
"336775",2012-10-24,"BIAT",61
"336776",2012-12-10,"BIAT",61
"336777",2012-12-11,"BIAT",61
"336784",2009-12-16,"BIAT",61
"336791",2011-04-04,"BIAT",61.03
"336794",2012-11-29,"BIAT",61.12
"336799",2011-07-26,"BIAT",61.2
"336800",2011-08-12,"BIAT",61.2
"336801",2014-07-02,"BIAT",61.2
"336802",2012-10-10,"BIAT",61.2
"336808",2011-08-17,"BIAT",61.31
"336812",2011-08-23,"BIAT",61.35
"336823",2011-03-29,"BIAT",61.45
"336825",2009-12-11,"BIAT",61.48
"336827",2011-07-21,"BIAT",61.49
"336828",2014-01-08,"BIAT",61.49
"336833",2011-07-20,"BIAT",61.5
"336836",2014-01-06,"BIAT",61.5
"336837",2014-01-24,"BIAT",61.5
"336842",2012-12-07,"BIAT",61.5
"336845",2009-12-23,"BIAT",61.5
"336847",2014-01-27,"BIAT",61.51
"336850",2011-03-22,"BIAT",61.6
"336851",2011-08-08,"BIAT",61.6
"336856",2011-08-22,"BIAT",61.7
"336859",2011-08-16,"BIAT",61.76
"336871",2011-07-22,"BIAT",61.8
"336872",2011-08-10,"BIAT",61.8
"336873",2011-08-19,"BIAT",61.8
"336877",2012-10-29,"BIAT",61.8
"336878",2012-10-30,"BIAT",61.8
"336879",2012-12-17,"BIAT",61.8
"336883",2014-01-10,"BIAT",61.89
"336885",2011-03-28,"BIAT",61.9
"336894",2014-01-15,"BIAT",61.99
"336900",2011-02-21,"BIAT",62
"336901",2011-02-22,"BIAT",62
"336902",2011-03-25,"BIAT",62
"336903",2011-04-05,"BIAT",62
"336907",2011-08-04,"BIAT",62
"336911",2014-01-28,"BIAT",62
"336914",2014-07-16,"BIAT",62
"336915",2013-01-15,"BIAT",62
"336916",2013-01-16,"BIAT",62
"336925",2013-12-17,"BIAT",62
"336927",2012-10-02,"BIAT",62
"336930",2009-12-21,"BIAT",62
"336931",2013-01-11,"BIAT",62.01
"336932",2013-01-17,"BIAT",62.01
"336933",2013-12-12,"BIAT",62.01
"336936",2014-07-18,"BIAT",62.03
"336938",2013-07-30,"BIAT",62.03
"336940",2014-07-21,"BIAT",62.06
"336958",2012-11-27,"BIAT",62.08
"336960",2011-03-24,"BIAT",62.1
"336961",2011-08-18,"BIAT",62.1
"336963",2014-01-29,"BIAT",62.1
"336964",2014-01-30,"BIAT",62.1
"336968",2013-10-04,"BIAT",62.11
"336969",2014-08-11,"BIAT",62.12
"336983",2009-12-24,"BIAT",62.18
"336989",2014-09-12,"BIAT",62.21
"337023",2013-10-10,"BIAT",62.3
"337024",2013-10-11,"BIAT",62.3
"337025",2013-10-18,"BIAT",62.3
"337026",2013-10-21,"BIAT",62.3
"337027",2013-12-11,"BIAT",62.3
"337029",2014-07-23,"BIAT",62.31
"337034",2013-10-09,"BIAT",62.4
"337035",2013-10-22,"BIAT",62.4
"337036",2013-11-06,"BIAT",62.4
"337038",2013-10-23,"BIAT",62.41
"337039",2013-10-24,"BIAT",62.41
"337040",2013-11-07,"BIAT",62.41
"337044",2009-12-25,"BIAT",62.48
"337055",2014-06-26,"BIAT",62.5
"337056",2014-07-09,"BIAT",62.5
"337057",2014-07-10,"BIAT",62.5
"337058",2014-07-11,"BIAT",62.5
"337059",2014-07-14,"BIAT",62.5
"337060",2014-08-15,"BIAT",62.5
"337070",2013-12-02,"BIAT",62.5
"337071",2013-12-10,"BIAT",62.5
"337078",2014-06-27,"BIAT",62.51
"337079",2014-07-01,"BIAT",62.51
"337080",2014-07-07,"BIAT",62.51
"337081",2013-11-08,"BIAT",62.52
"337082",2013-12-05,"BIAT",62.52
"337083",2013-12-06,"BIAT",62.52
"337085",2011-08-25,"BIAT",62.53
"337087",2013-12-09,"BIAT",62.53
"337088",2011-08-05,"BIAT",62.55
"337089",2013-12-04,"BIAT",62.6
"337097",2013-11-11,"BIAT",62.7
"337118",2013-10-31,"BIAT",62.75
"337119",2013-11-01,"BIAT",62.75
"337131",2014-07-22,"BIAT",62.8
"337133",2013-10-30,"BIAT",62.8
"337135",2013-12-13,"BIAT",62.8
"337142",2014-07-15,"BIAT",62.83
"337143",2014-06-18,"BIAT",62.85
"337144",2013-12-16,"BIAT",62.85
"337147",2009-12-28,"BIAT",62.85
"337162",2013-01-10,"BIAT",62.9
"337163",2013-11-13,"BIAT",62.9
"337164",2013-11-15,"BIAT",62.9
"337174",2013-01-08,"BIAT",62.94
"337175",2013-01-09,"BIAT",62.94
"337179",2014-04-30,"BIAT",62.95
"337188",2011-02-17,"BIAT",62.99
"337189",2013-10-25,"BIAT",62.99
"337200",2014-04-29,"BIAT",63
"337202",2014-05-02,"BIAT",63
"337203",2014-05-05,"BIAT",63
"337206",2014-05-06,"BIAT",63
"337214",2014-07-08,"BIAT",63
"337215",2014-08-06,"BIAT",63
"337216",2014-08-12,"BIAT",63
"337217",2014-08-14,"BIAT",63
"337218",2014-08-18,"BIAT",63
"337219",2014-08-19,"BIAT",63
"337220",2014-09-03,"BIAT",63
"337221",2014-09-15,"BIAT",63
"337222",2013-01-07,"BIAT",63
"337223",2013-01-18,"BIAT",63
"337225",2013-07-05,"BIAT",63
"337226",2013-07-29,"BIAT",63
"337227",2013-07-31,"BIAT",63
"337228",2013-09-30,"BIAT",63
"337229",2013-10-01,"BIAT",63
"337230",2013-10-03,"BIAT",63
"337231",2013-10-07,"BIAT",63
"337232",2013-10-08,"BIAT",63
"337233",2013-10-29,"BIAT",63
"337235",2013-11-19,"BIAT",63
"337237",2013-11-22,"BIAT",63
"337238",2013-11-28,"BIAT",63
"337239",2013-11-29,"BIAT",63
"337240",2012-12-20,"BIAT",63
"337250",2014-05-07,"BIAT",63.01
"337253",2014-08-27,"BIAT",63.01
"337254",2013-09-03,"BIAT",63.01
"337255",2013-10-02,"BIAT",63.01
"337256",2012-12-31,"BIAT",63.01
"337260",2014-08-28,"BIAT",63.02
"337261",2014-09-04,"BIAT",63.02
"337262",2014-09-10,"BIAT",63.02
"337263",2013-07-10,"BIAT",63.02
"337264",2013-09-05,"BIAT",63.02
"337265",2013-08-06,"BIAT",63.03
"337266",2013-09-04,"BIAT",63.03
"337277",2013-09-12,"BIAT",63.1
"337280",2013-08-07,"BIAT",63.12
"337286",2014-07-24,"BIAT",63.15
"337287",2014-07-31,"BIAT",63.15
"337288",2014-08-04,"BIAT",63.15
"337292",2013-01-21,"BIAT",63.17
"337296",2014-06-25,"BIAT",63.2
"337297",2014-08-05,"BIAT",63.2
"337300",2013-09-13,"BIAT",63.21
"337301",2013-09-27,"BIAT",63.24
"337302",2013-09-25,"BIAT",63.25
"337303",2013-09-26,"BIAT",63.25
"337309",2014-02-06,"BIAT",63.3
"337310",2011-03-23,"BIAT",63.4
"337313",2014-01-31,"BIAT",63.4
"337314",2014-02-04,"BIAT",63.4
"337316",2012-11-28,"BIAT",63.4
"337317",2012-12-24,"BIAT",63.4
"337319",2014-02-03,"BIAT",63.41
"337320",2014-05-26,"BIAT",63.41
"337321",2013-02-06,"BIAT",63.42
"337342",2013-01-04,"BIAT",63.47
"337344",2012-12-28,"BIAT",63.48
"337346",2014-06-17,"BIAT",63.49
"337347",2013-09-24,"BIAT",63.49
"337348",2012-12-25,"BIAT",63.49
"337361",2014-06-13,"BIAT",63.5
"337362",2014-06-23,"BIAT",63.5
"337363",2014-06-24,"BIAT",63.5
"337364",2014-08-20,"BIAT",63.5
"337365",2014-09-16,"BIAT",63.5
"337366",2013-03-06,"BIAT",63.5
"337367",2013-09-23,"BIAT",63.5
"337368",2013-11-20,"BIAT",63.5
"337369",2013-11-25,"BIAT",63.5
"337370",2012-10-01,"BIAT",63.5
"337371",2012-12-21,"BIAT",63.5
"337372",2012-12-26,"BIAT",63.5
"337373",2012-12-27,"BIAT",63.5
"337387",2014-02-11,"BIAT",63.53
"337388",2013-07-02,"BIAT",63.54
"337414",2013-02-07,"BIAT",63.64
"337425",2012-10-31,"BIAT",63.65
"337426",2012-12-18,"BIAT",63.65
"337431",2013-07-26,"BIAT",63.7
"337436",2014-06-12,"BIAT",63.75
"337444",2014-02-05,"BIAT",63.8
"337446",2013-11-21,"BIAT",63.8
"337447",2013-11-27,"BIAT",63.8
"337461",2011-08-26,"BIAT",63.9
"337466",2014-09-05,"BIAT",63.9
"337467",2013-10-28,"BIAT",63.9
"337468",2013-11-14,"BIAT",63.9
"337469",2013-11-26,"BIAT",63.9
"337486",2014-09-11,"BIAT",63.99
"337487",2013-01-03,"BIAT",63.99
"337488",2013-09-02,"BIAT",63.99
"337507",2014-04-25,"BIAT",64
"337508",2014-05-09,"BIAT",64
"337509",2014-06-10,"BIAT",64
"337512",2014-06-19,"BIAT",64
"337514",2014-06-20,"BIAT",64
"337518",2014-08-21,"BIAT",64
"337519",2014-08-22,"BIAT",64
"337520",2014-08-26,"BIAT",64
"337521",2014-09-08,"BIAT",64
"337522",2013-01-02,"BIAT",64
"337523",2013-02-11,"BIAT",64
"337524",2013-02-12,"BIAT",64
"337525",2013-02-19,"BIAT",64
"337526",2013-02-26,"BIAT",64
"337527",2013-02-27,"BIAT",64
"337528",2013-06-04,"BIAT",64
"337529",2013-06-05,"BIAT",64
"337530",2013-07-03,"BIAT",64
"337531",2013-07-11,"BIAT",64
"337532",2013-07-18,"BIAT",64
"337533",2013-07-19,"BIAT",64
"337534",2013-07-22,"BIAT",64
"337535",2013-08-01,"BIAT",64
"337536",2013-08-12,"BIAT",64
"337537",2013-08-15,"BIAT",64
"337538",2013-08-20,"BIAT",64
"337539",2013-08-26,"BIAT",64
"337540",2013-08-28,"BIAT",64
"337541",2013-09-11,"BIAT",64
"337542",2013-09-16,"BIAT",64
"337543",2013-09-17,"BIAT",64
"337544",2013-09-18,"BIAT",64
"337546",2012-11-05,"BIAT",64
"337547",2012-11-26,"BIAT",64
"337572",2009-12-29,"BIAT",64
"337574",2009-12-30,"BIAT",64
"337576",2014-08-25,"BIAT",64.01
"337577",2013-07-17,"BIAT",64.01
"337586",2011-02-04,"BIAT",64.05
"337594",2014-10-23,"BIAT",64.1
"337595",2013-02-20,"BIAT",64.1
"337596",2013-03-07,"BIAT",64.1
"337598",2013-07-09,"BIAT",64.1
"337599",2009-12-31,"BIAT",64.1
"337602",2010-01-04,"BIAT",64.11
"337609",2013-08-16,"BIAT",64.14
"337610",2014-06-06,"BIAT",64.15
"337611",2013-07-08,"BIAT",64.16
"337612",2013-08-22,"BIAT",64.16
"337613",2013-08-23,"BIAT",64.16
"337628",2011-02-16,"BIAT",64.18
"337630",2014-09-17,"BIAT",64.2
"337631",2013-09-06,"BIAT",64.2
"337632",2013-09-09,"BIAT",64.2
"337642",2011-02-01,"BIAT",64.23
"337643",2013-08-27,"BIAT",64.23
"337648",2013-01-22,"BIAT",64.27
"337655",2014-09-09,"BIAT",64.3
"337656",2013-07-24,"BIAT",64.3
"337657",2013-08-02,"BIAT",64.3
"337658",2013-08-19,"BIAT",64.3
"337659",2013-08-21,"BIAT",64.3
"337660",2013-08-30,"BIAT",64.3
"337668",2014-04-23,"BIAT",64.33
"337671",2012-12-19,"BIAT",64.35
"337688",2014-02-12,"BIAT",64.48
"337689",2013-02-18,"BIAT",64.48
"337704",2014-02-10,"BIAT",64.5
"337706",2014-05-12,"BIAT",64.5
"337707",2014-05-20,"BIAT",64.5
"337708",2014-05-21,"BIAT",64.5
"337709",2013-01-25,"BIAT",64.5
"337710",2013-02-15,"BIAT",64.5
"337711",2013-02-22,"BIAT",64.5
"337712",2013-02-25,"BIAT",64.5
"337714",2013-06-03,"BIAT",64.5
"337715",2013-07-12,"BIAT",64.5
"337716",2013-07-15,"BIAT",64.5
"337717",2013-07-16,"BIAT",64.5
"337724",2013-07-04,"BIAT",64.51
"337736",2012-11-22,"BIAT",64.59
"337737",2012-11-23,"BIAT",64.59
"337749",2014-09-18,"BIAT",64.64
"337760",2012-11-20,"BIAT",64.7
"337761",2012-11-21,"BIAT",64.7
"337763",2014-05-23,"BIAT",64.75
"337773",2014-05-15,"BIAT",64.8
"337774",2014-05-16,"BIAT",64.8
"337775",2014-05-19,"BIAT",64.8
"337777",2012-09-26,"BIAT",64.8
"337787",2013-07-23,"BIAT",64.89
"337788",2014-05-14,"BIAT",64.9
"337790",2013-03-01,"BIAT",64.9
"337791",2013-03-04,"BIAT",64.9
"337797",2013-02-28,"BIAT",64.95
"337801",2013-02-21,"BIAT",64.96
"337806",2014-09-22,"BIAT",64.98
"337808",2013-02-13,"BIAT",64.99
"337816",2014-02-07,"BIAT",65
"337826",2014-04-24,"BIAT",65
"337828",2014-05-13,"BIAT",65
"337839",2014-09-19,"BIAT",65
"337840",2014-09-29,"BIAT",65
"337841",2014-10-22,"BIAT",65
"337842",2013-02-08,"BIAT",65
"337843",2013-02-14,"BIAT",65
"337844",2013-03-11,"BIAT",65
"337845",2013-03-12,"BIAT",65
"337849",2013-05-21,"BIAT",65
"337850",2013-05-23,"BIAT",65
"337851",2013-05-30,"BIAT",65
"337852",2013-05-31,"BIAT",65
"337853",2013-06-06,"BIAT",65
"337854",2013-09-10,"BIAT",65
"337861",2012-09-28,"BIAT",65
"337862",2012-11-19,"BIAT",65
"337895",2014-03-13,"BIAT",65.01
"337896",2014-10-07,"BIAT",65.01
"337899",2013-06-07,"BIAT",65.02
"337902",2013-05-29,"BIAT",65.03
"337905",2014-04-15,"BIAT",65.05
"337909",2013-05-24,"BIAT",65.1
"337910",2013-05-27,"BIAT",65.1
"337913",2012-11-08,"BIAT",65.12
"337921",2014-02-13,"BIAT",65.2
"337924",2014-05-27,"BIAT",65.2
"337925",2013-06-10,"BIAT",65.2
"337926",2012-11-09,"BIAT",65.2
"337937",2014-09-24,"BIAT",65.28
"337938",2012-11-14,"BIAT",65.28
"337942",2014-09-23,"BIAT",65.29
"337943",2012-09-27,"BIAT",65.29
"337944",2014-03-12,"BIAT",65.3
"337945",2014-04-21,"BIAT",65.3
"337948",2013-05-22,"BIAT",65.3
"337949",2013-06-11,"BIAT",65.3
"337950",2012-11-13,"BIAT",65.3
"337952",2014-04-17,"BIAT",65.31
"337954",2012-11-12,"BIAT",65.32
"337974",2014-02-14,"BIAT",65.4
"337975",2014-02-18,"BIAT",65.4
"337977",2013-01-28,"BIAT",65.4
"337978",2013-01-29,"BIAT",65.4
"337986",2014-09-25,"BIAT",65.46
"337987",2014-09-26,"BIAT",65.46
"337998",2014-03-11,"BIAT",65.5
"338000",2014-04-02,"BIAT",65.5
"338001",2014-04-03,"BIAT",65.5
"338002",2014-04-14,"BIAT",65.5
"338003",2014-04-16,"BIAT",65.5
"338004",2014-04-18,"BIAT",65.5
"338005",2014-04-22,"BIAT",65.5
"338007",2014-09-30,"BIAT",65.5
"338008",2014-10-01,"BIAT",65.5
"338009",2014-10-02,"BIAT",65.5
"338010",2014-10-03,"BIAT",65.5
"338011",2014-10-06,"BIAT",65.5
"338012",2014-10-08,"BIAT",65.5
"338013",2014-10-09,"BIAT",65.5
"338014",2014-10-10,"BIAT",65.5
"338015",2014-10-13,"BIAT",65.5
"338016",2014-10-14,"BIAT",65.5
"338017",2014-10-16,"BIAT",65.5
"338018",2014-10-17,"BIAT",65.5
"338019",2014-10-20,"BIAT",65.5
"338020",2013-01-23,"BIAT",65.5
"338021",2013-07-01,"BIAT",65.5
"338023",2012-11-06,"BIAT",65.5
"338037",2012-11-07,"BIAT",65.52
"338041",2014-05-28,"BIAT",65.6
"338042",2014-05-29,"BIAT",65.6
"338053",2014-02-19,"BIAT",65.63
"338068",2014-03-14,"BIAT",65.7
"338069",2013-06-18,"BIAT",65.7
"338085",2012-11-02,"BIAT",65.75
"338094",2013-03-08,"BIAT",65.8
"338111",2014-10-21,"BIAT",65.9
"338113",2013-06-13,"BIAT",65.9
"338114",2013-06-25,"BIAT",65.9
"338115",2013-06-26,"BIAT",65.9
"338119",2013-06-24,"BIAT",65.91
"338138",2013-06-12,"BIAT",65.99
"338145",2014-04-08,"BIAT",66
"338146",2013-01-30,"BIAT",66
"338147",2013-06-19,"BIAT",66
"338148",2013-06-20,"BIAT",66
"338153",2012-09-20,"BIAT",66
"338154",2012-09-24,"BIAT",66
"338155",2012-09-25,"BIAT",66
"338191",2011-02-14,"BIAT",66.15
"338195",2014-03-10,"BIAT",66.2
"338197",2013-03-13,"BIAT",66.2
"338198",2013-03-14,"BIAT",66.2
"338200",2014-04-11,"BIAT",66.22
"338213",2011-01-31,"BIAT",66.32
"338215",2011-01-13,"BIAT",66.34
"338218",2013-02-05,"BIAT",66.4
"338222",2013-05-20,"BIAT",66.45
"338230",2011-08-29,"BIAT",66.5
"338232",2014-03-06,"BIAT",66.5
"338233",2014-06-02,"BIAT",66.5
"338234",2014-10-27,"BIAT",66.5
"338238",2013-06-14,"BIAT",66.5
"338239",2013-06-27,"BIAT",66.5
"338257",2013-03-15,"BIAT",66.6
"338258",2013-03-18,"BIAT",66.6
"338278",2014-06-03,"BIAT",66.65
"338279",2014-06-04,"BIAT",66.65
"338280",2014-06-05,"BIAT",66.65
"338285",2013-01-31,"BIAT",66.7
"338302",2013-06-21,"BIAT",66.8
"338311",2011-02-09,"BIAT",66.87
"338312",2011-02-11,"BIAT",66.87
"338339",2011-02-07,"BIAT",66.93
"338340",2011-02-08,"BIAT",66.93
"338371",2013-06-28,"BIAT",66.98
"338379",2011-02-10,"BIAT",67
"338383",2014-03-05,"BIAT",67
"338384",2014-03-24,"BIAT",67
"338385",2014-03-25,"BIAT",67
"338386",2014-03-26,"BIAT",67
"338387",2014-03-27,"BIAT",67
"338388",2014-03-28,"BIAT",67
"338389",2014-03-31,"BIAT",67
"338390",2014-04-01,"BIAT",67
"338391",2014-04-04,"BIAT",67
"338396",2012-09-21,"BIAT",67
"338431",2013-05-28,"BIAT",67.04
"338441",2013-06-17,"BIAT",67.1
"338530",2014-04-10,"BIAT",67.4
"338531",2013-03-19,"BIAT",67.4
"338542",2012-11-01,"BIAT",67.46
"338543",2014-02-20,"BIAT",67.48
"338544",2014-02-25,"BIAT",67.5
"338553",2014-02-21,"BIAT",67.51
"338576",2014-03-19,"BIAT",67.6
"338577",2014-03-21,"BIAT",67.6
"338595",2014-03-17,"BIAT",67.67
"338636",2014-03-07,"BIAT",67.8
"338656",2013-05-14,"BIAT",67.91
"338683",2014-03-04,"BIAT",67.99
"338688",2014-02-24,"BIAT",68
"338689",2014-03-03,"BIAT",68
"338690",2014-03-18,"BIAT",68
"338693",2013-02-04,"BIAT",68
"338696",2013-05-13,"BIAT",68
"338700",2012-09-19,"BIAT",68
"338707",2010-01-05,"BIAT",68.01
"338731",2013-02-01,"BIAT",68.2
"338772",2011-09-02,"BIAT",68.49
"338776",2013-04-30,"BIAT",68.5
"338777",2013-05-15,"BIAT",68.5
"338778",2013-05-16,"BIAT",68.5
"338793",2014-05-30,"BIAT",68.55
"338794",2014-02-27,"BIAT",68.56
"338796",2013-05-10,"BIAT",68.6
"338799",2013-05-09,"BIAT",68.61
"338802",2014-02-28,"BIAT",68.7
"338803",2013-04-29,"BIAT",68.7
"338837",2013-04-22,"BIAT",68.89
"338839",2013-04-16,"BIAT",68.9
"338848",2014-10-28,"BIAT",68.99
"338862",2014-10-29,"BIAT",69
"338870",2013-04-17,"BIAT",69
"338871",2013-04-18,"BIAT",69
"338872",2013-04-24,"BIAT",69
"338873",2013-04-26,"BIAT",69
"338876",2012-09-17,"BIAT",69
"338884",2013-04-15,"BIAT",69.01
"338885",2012-09-18,"BIAT",69.01
"338911",2012-09-12,"BIAT",69.25
"338912",2012-09-13,"BIAT",69.25
"338913",2012-09-14,"BIAT",69.25
"338917",2011-09-05,"BIAT",69.3
"338918",2011-09-06,"BIAT",69.3
"338919",2011-01-14,"BIAT",69.32
"338927",2013-03-21,"BIAT",69.4
"338953",2014-02-26,"BIAT",69.52
"338966",2012-09-11,"BIAT",69.7
"338968",2012-09-10,"BIAT",69.72
"338989",2012-03-21,"BIAT",69.9
"339000",2013-05-03,"BIAT",69.99
"339020",2013-03-26,"BIAT",70
"339024",2013-03-29,"BIAT",70
"339030",2013-04-12,"BIAT",70
"339031",2013-04-23,"BIAT",70
"339032",2013-05-06,"BIAT",70
"339033",2013-05-08,"BIAT",70
"339035",2012-03-13,"BIAT",70
"339036",2012-03-15,"BIAT",70
"339037",2012-03-16,"BIAT",70
"339038",2012-03-19,"BIAT",70
"339039",2012-06-28,"BIAT",70
"339040",2012-06-29,"BIAT",70
"339050",2012-09-06,"BIAT",70
"339051",2012-09-07,"BIAT",70
"339070",2012-07-02,"BIAT",70.01
"339071",2012-09-05,"BIAT",70.01
"339073",2010-01-08,"BIAT",70.01
"339075",2012-09-04,"BIAT",70.02
"339076",2012-08-30,"BIAT",70.03
"339082",2012-08-31,"BIAT",70.06
"339083",2012-03-27,"BIAT",70.07
"339085",2014-10-30,"BIAT",70.1
"339088",2012-03-14,"BIAT",70.1
"339089",2012-06-27,"BIAT",70.1
"339091",2012-07-03,"BIAT",70.11
"339095",2012-08-28,"BIAT",70.15
"339097",2012-08-24,"BIAT",70.16
"339098",2012-08-27,"BIAT",70.16
"339099",2013-05-07,"BIAT",70.17
"339100",2011-09-07,"BIAT",70.19
"339103",2013-03-27,"BIAT",70.2
"339104",2012-08-29,"BIAT",70.2
"339105",2012-09-03,"BIAT",70.2
"339107",2012-08-02,"BIAT",70.21
"339116",2012-08-07,"BIAT",70.26
"339117",2013-04-01,"BIAT",70.27
"339123",2012-08-08,"BIAT",70.3
"339124",2012-08-21,"BIAT",70.3
"339126",2012-08-09,"BIAT",70.33
"339127",2012-08-17,"BIAT",70.33
"339131",2013-03-25,"BIAT",70.4
"339134",2012-03-22,"BIAT",70.4
"339141",2012-08-16,"BIAT",70.49
"339143",2015-12-02,"BIAT",70.5
"339144",2015-12-03,"BIAT",70.5
"339145",2011-01-12,"BIAT",70.5
"339150",2013-03-28,"BIAT",70.5
"339151",2012-03-07,"BIAT",70.5
"339155",2010-03-26,"BIAT",70.5
"339168",2012-03-23,"BIAT",70.75
"339180",2012-03-12,"BIAT",70.8
"339203",2012-08-22,"BIAT",70.95
"339211",2012-08-23,"BIAT",70.99
"339231",2013-03-22,"BIAT",71
"339233",2013-04-02,"BIAT",71
"339234",2013-04-03,"BIAT",71
"339235",2013-04-05,"BIAT",71
"339236",2013-04-08,"BIAT",71
"339237",2013-04-10,"BIAT",71
"339238",2013-04-11,"BIAT",71
"339243",2012-03-06,"BIAT",71
"339244",2012-03-30,"BIAT",71
"339245",2012-07-09,"BIAT",71
"339246",2012-07-10,"BIAT",71
"339247",2012-08-15,"BIAT",71
"339251",2010-03-30,"BIAT",71
"339266",2012-07-30,"BIAT",71.1
"339267",2010-04-01,"BIAT",71.1
"339268",2013-04-04,"BIAT",71.12
"339269",2010-03-31,"BIAT",71.12
"339271",2010-03-29,"BIAT",71.15
"339274",2012-03-08,"BIAT",71.2
"339275",2012-03-09,"BIAT",71.2
"339277",2012-08-10,"BIAT",71.27
"339279",2012-07-27,"BIAT",71.3
"339280",2012-08-06,"BIAT",71.3
"339281",2012-08-14,"BIAT",71.3
"339282",2010-03-10,"BIAT",71.31
"339293",2012-08-03,"BIAT",71.39
"339297",2012-07-06,"BIAT",71.4
"339299",2010-01-14,"BIAT",71.45
"339302",2010-01-07,"BIAT",71.49
"339304",2015-11-18,"BIAT",71.5
"339311",2014-10-31,"BIAT",71.5
"339312",2014-11-03,"BIAT",71.5
"339313",2012-02-14,"BIAT",71.5
"339314",2012-02-15,"BIAT",71.5
"339315",2012-03-05,"BIAT",71.5
"339317",2012-03-28,"BIAT",71.5
"339318",2012-07-05,"BIAT",71.5
"339319",2012-07-31,"BIAT",71.5
"339320",2012-08-01,"BIAT",71.5
"339322",2010-02-11,"BIAT",71.5
"339323",2010-03-25,"BIAT",71.5
"339325",2012-06-26,"BIAT",71.52
"339326",2010-04-02,"BIAT",71.54
"339329",2015-11-17,"BIAT",71.6
"339330",2012-03-02,"BIAT",71.6
"339331",2012-07-04,"BIAT",71.6
"339333",2012-07-26,"BIAT",71.6
"339334",2010-01-13,"BIAT",71.6
"339343",2012-06-12,"BIAT",71.63
"339345",2010-03-09,"BIAT",71.64
"339346",2012-03-29,"BIAT",71.68
"339347",2015-12-04,"BIAT",71.7
"339348",2011-09-08,"BIAT",71.7
"339349",2010-01-06,"BIAT",71.7
"339352",2010-03-16,"BIAT",71.74
"339355",2012-04-23,"BIAT",71.8
"339356",2012-06-22,"BIAT",71.81
"339357",2012-06-25,"BIAT",71.81
"339363",2010-03-15,"BIAT",71.84
"339366",2010-01-12,"BIAT",71.89
"339367",2012-06-20,"BIAT",71.9
"339371",2012-02-13,"BIAT",71.95
"339372",2011-09-09,"BIAT",71.98
"339373",2012-04-03,"BIAT",71.98
"339375",2012-04-02,"BIAT",71.99
"339376",2012-07-11,"BIAT",71.99
"339377",2012-07-12,"BIAT",71.99
"339378",2010-01-11,"BIAT",71.99
"339392",2015-11-19,"BIAT",72
"339393",2015-11-20,"BIAT",72
"339394",2015-11-23,"BIAT",72
"339399",2012-02-10,"BIAT",72
"339400",2012-02-27,"BIAT",72
"339401",2012-02-28,"BIAT",72
"339402",2012-02-29,"BIAT",72
"339404",2012-03-26,"BIAT",72
"339405",2012-04-04,"BIAT",72
"339406",2012-04-11,"BIAT",72
"339407",2012-04-17,"BIAT",72
"339408",2012-04-24,"BIAT",72
"339409",2012-04-27,"BIAT",72
"339410",2012-05-07,"BIAT",72
"339411",2012-06-07,"BIAT",72
"339412",2012-06-11,"BIAT",72
"339413",2012-06-13,"BIAT",72
"339414",2012-06-14,"BIAT",72
"339415",2012-06-15,"BIAT",72
"339416",2012-06-18,"BIAT",72
"339417",2012-06-19,"BIAT",72
"339418",2012-06-21,"BIAT",72
"339419",2012-07-20,"BIAT",72
"339420",2012-07-23,"BIAT",72
"339421",2012-07-24,"BIAT",72
"339422",2010-02-12,"BIAT",72
"339423",2010-02-15,"BIAT",72
"339426",2010-03-17,"BIAT",72
"339437",2012-02-24,"BIAT",72.01
"339438",2012-04-13,"BIAT",72.01
"339439",2012-05-28,"BIAT",72.01
"339442",2012-04-10,"BIAT",72.02
"339458",2011-01-03,"BIAT",72.1
"339460",2012-05-04,"BIAT",72.1
"339461",2010-03-02,"BIAT",72.1
"339462",2012-05-30,"BIAT",72.11
"339463",2010-04-05,"BIAT",72.11
"339464",2010-03-12,"BIAT",72.12
"339465",2010-05-13,"BIAT",72.19
"339466",2012-04-18,"BIAT",72.2
"339467",2010-03-04,"BIAT",72.21
"339468",2010-03-08,"BIAT",72.23
"339469",2012-04-12,"BIAT",72.25
"339470",2012-07-17,"BIAT",72.28
"339477",2012-07-16,"BIAT",72.29
"339480",2012-04-26,"BIAT",72.3
"339481",2012-06-06,"BIAT",72.3
"339482",2012-07-19,"BIAT",72.3
"339483",2010-03-03,"BIAT",72.3
"339484",2010-04-08,"BIAT",72.3
"339485",2012-07-18,"BIAT",72.32
"339489",2012-04-25,"BIAT",72.4
"339494",2010-03-01,"BIAT",72.43
"339495",2012-05-03,"BIAT",72.44
"339504",2015-12-01,"BIAT",72.49
"339505",2015-11-30,"BIAT",72.5
"339506",2015-12-07,"BIAT",72.5
"339507",2012-01-31,"BIAT",72.5
"339508",2012-02-23,"BIAT",72.5
"339509",2012-03-01,"BIAT",72.5
"339510",2012-04-16,"BIAT",72.5
"339511",2012-04-19,"BIAT",72.5
"339512",2012-04-30,"BIAT",72.5
"339513",2010-02-25,"BIAT",72.5
"339514",2010-03-11,"BIAT",72.5
"339515",2010-03-18,"BIAT",72.5
"339516",2012-02-01,"BIAT",72.51
"339522",2010-03-05,"BIAT",72.6
"339523",2010-03-22,"BIAT",72.62
"339524",2010-04-06,"BIAT",72.62
"339540",2012-05-25,"BIAT",72.7
"339557",2012-02-17,"BIAT",72.8
"339563",2012-02-22,"BIAT",72.88
"339565",2012-02-21,"BIAT",72.9
"339568",2012-02-09,"BIAT",72.95
"339572",2015-11-27,"BIAT",73
"339574",2012-02-16,"BIAT",73
"339575",2012-04-05,"BIAT",73
"339576",2012-04-06,"BIAT",73
"339577",2012-04-20,"BIAT",73
"339581",2010-02-10,"BIAT",73
"339582",2010-04-12,"BIAT",73
"339591",2010-04-07,"BIAT",73.01
"339597",2015-12-08,"BIAT",73.1
"339598",2012-02-07,"BIAT",73.1
"339599",2012-02-08,"BIAT",73.1
"339601",2015-12-09,"BIAT",73.11
"339604",2015-11-12,"BIAT",73.15
"339606",2012-02-20,"BIAT",73.19
"339612",2012-07-13,"BIAT",73.29
"339614",2010-01-28,"BIAT",73.3
"339619",2010-03-23,"BIAT",73.34
"339624",2010-03-19,"BIAT",73.4
"339628",2010-03-24,"BIAT",73.45
"339630",2015-11-25,"BIAT",73.5
"339631",2015-11-26,"BIAT",73.5
"339632",2015-12-10,"BIAT",73.5
"339633",2011-12-07,"BIAT",73.5
"339634",2011-12-08,"BIAT",73.5
"339635",2011-12-09,"BIAT",73.5
"339636",2012-01-30,"BIAT",73.5
"339638",2012-06-08,"BIAT",73.5
"339639",2010-02-05,"BIAT",73.5
"339640",2010-02-09,"BIAT",73.5
"339641",2010-02-16,"BIAT",73.5
"339642",2010-02-17,"BIAT",73.5
"339662",2015-12-11,"BIAT",73.6
"339664",2010-02-24,"BIAT",73.6
"339668",2015-11-16,"BIAT",73.7
"339672",2010-02-18,"BIAT",73.7
"339687",2012-06-01,"BIAT",73.78
"339688",2011-01-06,"BIAT",73.8
"339689",2011-12-29,"BIAT",73.8
"339702",2012-05-31,"BIAT",73.89
"339703",2010-02-08,"BIAT",73.9
"339704",2010-04-16,"BIAT",73.9
"339705",2010-04-19,"BIAT",73.91
"339706",2015-11-24,"BIAT",73.98
"339707",2011-01-11,"BIAT",73.98
"339710",2012-05-29,"BIAT",73.99
"339725",2015-11-10,"BIAT",74
"339726",2015-11-11,"BIAT",74
"339727",2015-11-13,"BIAT",74
"339728",2015-12-16,"BIAT",74
"339729",2015-12-17,"BIAT",74
"339730",2015-12-25,"BIAT",74
"339731",2011-09-13,"BIAT",74
"339732",2011-09-15,"BIAT",74
"339733",2011-12-12,"BIAT",74
"339734",2011-12-21,"BIAT",74
"339735",2011-12-22,"BIAT",74
"339736",2011-12-23,"BIAT",74
"339737",2011-12-27,"BIAT",74
"339738",2011-12-28,"BIAT",74
"339739",2014-11-04,"BIAT",74
"339741",2012-01-26,"BIAT",74
"339742",2012-01-27,"BIAT",74
"339753",2012-05-24,"BIAT",74
"339754",2010-01-27,"BIAT",74
"339755",2010-01-29,"BIAT",74
"339756",2010-04-13,"BIAT",74
"339757",2010-04-14,"BIAT",74
"339764",2011-12-06,"BIAT",74.05
"339765",2011-12-20,"BIAT",74.05
"339769",2010-04-15,"BIAT",74.1
"339771",2011-09-12,"BIAT",74.13
"339772",2011-12-05,"BIAT",74.13
"339775",2011-10-24,"BIAT",74.15
"339776",2012-05-08,"BIAT",74.16
"339778",2015-12-30,"BIAT",74.2
"339790",2012-05-09,"BIAT",74.3
"339793",2010-02-04,"BIAT",74.36
"339800",2012-05-23,"BIAT",74.4
"339801",2010-04-28,"BIAT",74.4
"339802",2011-12-15,"BIAT",74.41
"339803",2010-02-02,"BIAT",74.41
"339804",2010-05-12,"BIAT",74.42
"339805",2011-01-04,"BIAT",74.44
"339807",2012-02-03,"BIAT",74.45
"339808",2012-02-06,"BIAT",74.46
"339811",2012-02-02,"BIAT",74.49
"339813",2015-12-14,"BIAT",74.5
"339814",2015-12-15,"BIAT",74.5
"339815",2011-10-18,"BIAT",74.5
"339816",2011-12-26,"BIAT",74.5
"339817",2012-01-18,"BIAT",74.5
"339818",2012-01-20,"BIAT",74.5
"339819",2012-01-25,"BIAT",74.5
"339831",2011-10-19,"BIAT",74.51
"339832",2014-12-09,"BIAT",74.51
"339833",2012-01-23,"BIAT",74.51
"339838",2012-01-24,"BIAT",74.53
"339840",2010-04-29,"BIAT",74.53
"339841",2010-05-03,"BIAT",74.54
"339843",2011-10-21,"BIAT",74.6
"339844",2010-04-20,"BIAT",74.6
"339845",2014-12-11,"BIAT",74.61
"339846",2012-01-09,"BIAT",74.61
"339847",2010-04-21,"BIAT",74.61
"339848",2012-01-17,"BIAT",74.62
"339849",2010-04-23,"BIAT",74.63
"339850",2014-12-12,"BIAT",74.65
"339851",2012-01-19,"BIAT",74.69
"339853",2014-12-15,"BIAT",74.7
"339855",2010-04-27,"BIAT",74.74
"339856",2011-12-01,"BIAT",74.75
"339857",2011-09-14,"BIAT",74.79
"339858",2010-01-15,"BIAT",74.79
"339863",2012-05-18,"BIAT",74.8
"339864",2012-05-21,"BIAT",74.8
"339865",2012-05-22,"BIAT",74.8
"339868",2011-10-20,"BIAT",74.85
"339869",2010-02-01,"BIAT",74.85
"339870",2011-10-25,"BIAT",74.88
"339875",2015-11-09,"BIAT",74.9
"339877",2010-02-19,"BIAT",74.9
"339881",2012-05-14,"BIAT",74.95
"339889",2012-05-11,"BIAT",74.98
"339899",2011-12-16,"BIAT",74.99
"339900",2011-12-30,"BIAT",74.99
"339901",2014-12-10,"BIAT",74.99
"339921",2015-12-21,"BIAT",75
"339922",2015-12-22,"BIAT",75
"339923",2015-12-23,"BIAT",75
"339924",2015-12-28,"BIAT",75
"339925",2011-01-05,"BIAT",75
"339927",2011-01-10,"BIAT",75
"339930",2011-10-14,"BIAT",75
"339931",2011-11-29,"BIAT",75
"339932",2011-11-30,"BIAT",75
"339933",2011-12-02,"BIAT",75
"339934",2011-12-14,"BIAT",75
"339935",2011-12-19,"BIAT",75
"339936",2014-11-07,"BIAT",75
"339937",2014-12-02,"BIAT",75
"339938",2014-12-08,"BIAT",75
"339939",2014-12-16,"BIAT",75
"339940",2014-12-24,"BIAT",75
"339942",2012-01-06,"BIAT",75
"339943",2012-01-12,"BIAT",75
"339948",2012-05-16,"BIAT",75
"339949",2012-05-17,"BIAT",75
"339953",2010-01-26,"BIAT",75
"339954",2010-02-03,"BIAT",75
"339955",2010-02-23,"BIAT",75
"339956",2010-05-04,"BIAT",75
"339958",2014-11-10,"BIAT",75.01
"339959",2014-11-26,"BIAT",75.01
"339964",2014-11-18,"BIAT",75.1
"339965",2014-11-27,"BIAT",75.1
"339966",2014-11-28,"BIAT",75.1
"339967",2014-12-17,"BIAT",75.1
"339968",2012-01-04,"BIAT",75.1
"339969",2012-01-16,"BIAT",75.1
"339970",2010-05-10,"BIAT",75.1
"339971",2012-01-03,"BIAT",75.11
"339972",2014-11-19,"BIAT",75.12
"339973",2011-10-17,"BIAT",75.2
"339974",2014-11-11,"BIAT",75.2
"339975",2012-05-15,"BIAT",75.2
"339976",2010-04-26,"BIAT",75.2
"339996",2012-01-05,"BIAT",75.34
"339997",2010-05-11,"BIAT",75.34
"339998",2014-12-01,"BIAT",75.4
"339999",2012-01-13,"BIAT",75.4
"340003",2014-11-14,"BIAT",75.49
"340004",2010-04-22,"BIAT",75.49
"340005",2014-11-05,"BIAT",75.5
"340006",2014-11-13,"BIAT",75.5
"340007",2014-11-17,"BIAT",75.5
"340008",2014-12-25,"BIAT",75.5
"340009",2012-01-11,"BIAT",75.5
"340015",2010-01-25,"BIAT",75.51
"340016",2014-11-24,"BIAT",75.52
"340017",2010-05-06,"BIAT",75.52
"340018",2012-05-10,"BIAT",75.55
"340019",2011-11-28,"BIAT",75.6
"340022",2010-05-07,"BIAT",75.65
"340023",2014-11-20,"BIAT",75.68
"340024",2011-09-16,"BIAT",75.7
"340025",2011-10-13,"BIAT",75.7
"340026",2014-11-21,"BIAT",75.7
"340028",2014-12-23,"BIAT",75.71
"340030",2012-01-10,"BIAT",75.79
"340031",2011-12-13,"BIAT",75.8
"340032",2014-12-05,"BIAT",75.8
"340035",2014-12-04,"BIAT",75.83
"340036",2014-12-03,"BIAT",75.89
"340037",2015-12-18,"BIAT",75.9
"340038",2012-01-02,"BIAT",75.9
"340042",2016-01-06,"BIAT",75.99
"340044",2011-09-19,"BIAT",76
"340045",2011-11-03,"BIAT",76
"340046",2016-01-05,"BIAT",76
"340047",2014-11-12,"BIAT",76
"340054",2010-02-22,"BIAT",76
"340056",2010-04-30,"BIAT",76
"340057",2010-05-05,"BIAT",76
"340060",2011-11-18,"BIAT",76.04
"340063",2011-09-20,"BIAT",76.1
"340064",2011-09-21,"BIAT",76.1
"340067",2014-11-25,"BIAT",76.19
"340068",2016-01-12,"BIAT",76.2
"340070",2016-01-08,"BIAT",76.27
"340074",2016-01-13,"BIAT",76.33
"340077",2016-01-15,"BIAT",76.36
"340081",2015-12-31,"BIAT",76.39
"340083",2015-12-29,"BIAT",76.47
"340087",2016-01-11,"BIAT",76.5
"340088",2014-11-06,"BIAT",76.5
"340094",2011-11-14,"BIAT",76.54
"340095",2016-01-18,"BIAT",76.61
"340096",2016-01-20,"BIAT",76.61
"340097",2011-11-25,"BIAT",76.69
"340099",2011-10-06,"BIAT",76.7
"340103",2011-01-07,"BIAT",76.8
"340104",2011-11-24,"BIAT",76.8
"340108",2011-10-26,"BIAT",76.9
"340109",2016-01-04,"BIAT",76.9
"340110",2011-10-12,"BIAT",76.91
"340111",2011-10-10,"BIAT",76.99
"340116",2011-09-22,"BIAT",77
"340117",2011-10-07,"BIAT",77
"340118",2011-10-11,"BIAT",77
"340119",2016-01-22,"BIAT",77
"340120",2014-12-26,"BIAT",77
"340127",2010-01-22,"BIAT",77
"340128",2014-12-18,"BIAT",77.03
"340129",2015-11-06,"BIAT",77.1
"340130",2011-11-09,"BIAT",77.1
"340132",2011-11-21,"BIAT",77.25
"340133",2010-01-18,"BIAT",77.25
"340139",2016-01-26,"BIAT",77.45
"340152",2015-11-04,"BIAT",77.5
"340153",2015-11-05,"BIAT",77.5
"340154",2011-11-17,"BIAT",77.5
"340155",2011-11-22,"BIAT",77.5
"340156",2011-11-23,"BIAT",77.5
"340157",2016-01-27,"BIAT",77.5
"340158",2014-12-19,"BIAT",77.5
"340159",2014-12-22,"BIAT",77.5
"340166",2016-01-28,"BIAT",77.51
"340170",2016-01-19,"BIAT",77.6
"340172",2011-10-28,"BIAT",77.69
"340173",2010-01-19,"BIAT",77.7
"340174",2010-01-20,"BIAT",77.7
"340180",2011-11-16,"BIAT",77.78
"340181",2011-11-02,"BIAT",77.8
"340190",2011-11-04,"BIAT",77.84
"340194",2011-11-15,"BIAT",77.9
"340195",2016-01-07,"BIAT",77.9
"340196",2014-12-29,"BIAT",77.9
"340201",2011-11-01,"BIAT",77.98
"340202",2011-11-11,"BIAT",77.98
"340203",2011-10-31,"BIAT",77.99
"340204",2011-11-08,"BIAT",77.99
"340205",2011-11-10,"BIAT",77.99
"340209",2015-10-30,"BIAT",78
"340210",2011-09-23,"BIAT",78
"340211",2011-10-04,"BIAT",78
"340212",2011-10-05,"BIAT",78
"340213",2011-10-27,"BIAT",78
"340214",2016-01-21,"BIAT",78
"340215",2014-12-31,"BIAT",78
"340221",2010-01-21,"BIAT",78
"340222",2015-01-02,"BIAT",78.02
"340224",2010-06-14,"BIAT",78.1
"340226",2015-10-26,"BIAT",78.2
"340250",2011-09-26,"BIAT",78.5
"340251",2016-01-29,"BIAT",78.5
"340252",2016-02-01,"BIAT",78.5
"340253",2016-02-12,"BIAT",78.5
"340254",2014-12-30,"BIAT",78.5
"340264",2015-01-19,"BIAT",78.61
"340265",2010-06-18,"BIAT",78.61
"340266",2010-07-02,"BIAT",78.62
"340267",2015-01-20,"BIAT",78.63
"340268",2010-06-17,"BIAT",78.63
"340270",2011-10-03,"BIAT",78.7
"340274",2010-06-30,"BIAT",78.8
"340275",2010-05-17,"BIAT",78.82
"340276",2010-06-25,"BIAT",78.84
"340277",2010-06-28,"BIAT",78.84
"340278",2015-10-22,"BIAT",78.9
"340279",2015-10-23,"BIAT",78.9
"340282",2010-06-23,"BIAT",78.92
"340283",2015-01-12,"BIAT",78.98
"340284",2010-06-16,"BIAT",78.98
"340285",2015-01-09,"BIAT",78.99
"340294",2015-01-08,"BIAT",79
"340298",2015-01-13,"BIAT",79
"340300",2015-01-15,"BIAT",79
"340305",2015-01-21,"BIAT",79
"340307",2015-01-22,"BIAT",79
"340484",2015-10-06,"BIAT",79
"340494",2015-10-21,"BIAT",79
"340503",2015-11-02,"BIAT",79
"340505",2015-11-03,"BIAT",79
"340547",2011-09-27,"BIAT",79
"340548",2011-09-30,"BIAT",79
"340555",2010-06-15,"BIAT",79
"340556",2010-06-21,"BIAT",79
"340557",2010-06-22,"BIAT",79
"340558",2010-06-29,"BIAT",79
"340559",2010-07-01,"BIAT",79
"340561",2010-07-08,"BIAT",79.03
"340565",2016-02-02,"BIAT",79.1
"340566",2010-05-19,"BIAT",79.15
"340571",2010-07-06,"BIAT",79.2
"340573",2010-07-05,"BIAT",79.21
"340574",2010-06-24,"BIAT",79.29
"340575",2015-10-20,"BIAT",79.3
"340576",2010-05-31,"BIAT",79.3
"340583",2010-07-09,"BIAT",79.35
"340584",2010-07-07,"BIAT",79.4
"340585",2010-06-01,"BIAT",79.41
"340588",2015-01-16,"BIAT",79.48
"340590",2015-01-06,"BIAT",79.49
"340593",2015-10-07,"BIAT",79.5
"340594",2015-10-08,"BIAT",79.5
"340595",2015-10-27,"BIAT",79.5
"340596",2015-10-28,"BIAT",79.5
"340597",2015-10-29,"BIAT",79.5
"340599",2010-05-28,"BIAT",79.5
"340600",2010-05-27,"BIAT",79.51
"340601",2010-07-12,"BIAT",79.51
"340606",2015-10-19,"BIAT",79.6
"340607",2010-06-02,"BIAT",79.6
"340614",2015-01-07,"BIAT",79.7
"340617",2010-05-26,"BIAT",79.73
"340620",2015-01-05,"BIAT",79.79
"340622",2015-01-23,"BIAT",79.8
"340623",2015-09-23,"BIAT",79.8
"340624",2015-10-13,"BIAT",79.8
"340626",2015-10-09,"BIAT",79.81
"340627",2015-10-12,"BIAT",79.83
"340633",2015-01-26,"BIAT",79.9
"340634",2015-01-27,"BIAT",79.9
"340635",2016-02-08,"BIAT",79.9
"340641",2015-10-05,"BIAT",79.99
"340674",2015-09-08,"BIAT",80
"340675",2015-09-09,"BIAT",80
"340676",2015-09-10,"BIAT",80
"340677",2015-09-11,"BIAT",80
"340678",2015-09-15,"BIAT",80
"340679",2015-09-16,"BIAT",80
"340680",2015-09-17,"BIAT",80
"340681",2015-09-18,"BIAT",80
"340682",2015-09-21,"BIAT",80
"340683",2015-09-22,"BIAT",80
"340684",2015-09-28,"BIAT",80
"340685",2015-10-02,"BIAT",80
"340686",2015-10-16,"BIAT",80
"340690",2011-09-28,"BIAT",80
"340691",2011-09-29,"BIAT",80
"340692",2016-02-09,"BIAT",80
"340693",2016-02-11,"BIAT",80
"340694",2016-02-15,"BIAT",80
"340695",2016-02-16,"BIAT",80
"340696",2016-02-17,"BIAT",80
"340697",2016-02-24,"BIAT",80
"340698",2016-02-26,"BIAT",80
"340706",2010-06-03,"BIAT",80
"340707",2010-06-04,"BIAT",80
"340708",2010-06-08,"BIAT",80
"340711",2015-09-14,"BIAT",80.01
"340712",2015-09-30,"BIAT",80.01
"340713",2016-02-23,"BIAT",80.01
"340714",2010-06-07,"BIAT",80.01
"340717",2016-02-19,"BIAT",80.02
"340718",2016-02-25,"BIAT",80.02
"340719",2010-06-09,"BIAT",80.03
"340720",2016-02-22,"BIAT",80.05
"340731",2015-01-28,"BIAT",80.1
"340732",2010-06-10,"BIAT",80.1
"340733",2010-06-11,"BIAT",80.1
"340734",2010-05-20,"BIAT",80.15
"340735",2015-09-07,"BIAT",80.2
"340737",2015-09-02,"BIAT",80.25
"340744",2015-09-03,"BIAT",80.49
"340748",2015-08-27,"BIAT",80.5
"340749",2015-09-01,"BIAT",80.5
"340750",2015-09-04,"BIAT",80.5
"340751",2016-02-29,"BIAT",80.5
"340755",2015-05-07,"BIAT",80.6
"340761",2015-07-27,"BIAT",80.8
"340764",2015-08-24,"BIAT",80.9
"340765",2016-02-18,"BIAT",80.9
"340766",2010-05-21,"BIAT",80.9
"340767",2015-08-28,"BIAT",80.99
"340768",2015-08-31,"BIAT",80.99
"340769",2016-02-10,"BIAT",80.99
"340782",2015-06-15,"BIAT",81
"340783",2015-07-15,"BIAT",81
"340784",2015-07-22,"BIAT",81
"340785",2015-07-23,"BIAT",81
"340786",2015-07-29,"BIAT",81
"340787",2015-08-18,"BIAT",81
"340788",2015-08-19,"BIAT",81
"340789",2015-08-21,"BIAT",81
"340790",2015-08-25,"BIAT",81
"340791",2015-08-26,"BIAT",81
"340792",2015-09-29,"BIAT",81
"340793",2015-10-01,"BIAT",81
"340795",2010-05-18,"BIAT",81
"340796",2010-05-25,"BIAT",81
"340797",2015-07-02,"BIAT",81.01
"340798",2015-07-09,"BIAT",81.01
"340808",2015-08-17,"BIAT",81.05
"340810",2015-07-06,"BIAT",81.09
"340811",2015-07-03,"BIAT",81.1
"340812",2015-05-25,"BIAT",81.12
"340814",2015-06-29,"BIAT",81.2
"340815",2015-06-30,"BIAT",81.2
"340816",2015-07-01,"BIAT",81.2
"340817",2015-07-07,"BIAT",81.2
"340818",2015-07-08,"BIAT",81.2
"340820",2010-05-24,"BIAT",81.25
"340822",2015-08-20,"BIAT",81.39
"340823",2015-08-14,"BIAT",81.4
"340824",2016-02-03,"BIAT",81.4
"340825",2016-02-04,"BIAT",81.4
"340826",2015-07-31,"BIAT",81.45
"340829",2015-08-12,"BIAT",81.49
"340838",2015-01-29,"BIAT",81.5
"340839",2015-03-25,"BIAT",81.5
"340840",2015-03-26,"BIAT",81.5
"340841",2015-03-27,"BIAT",81.5
"340842",2015-03-30,"BIAT",81.5
"340843",2015-03-31,"BIAT",81.5
"340844",2015-04-01,"BIAT",81.5
"340845",2015-04-02,"BIAT",81.5
"340846",2015-07-30,"BIAT",81.5
"340847",2015-08-03,"BIAT",81.5
"340848",2015-08-11,"BIAT",81.5
"340849",2016-02-05,"BIAT",81.5
"340850",2016-03-01,"BIAT",81.5
"340852",2015-08-07,"BIAT",81.51
"340853",2015-08-10,"BIAT",81.51
"340857",2015-07-28,"BIAT",81.7
"340858",2010-07-13,"BIAT",81.7
"340859",2015-06-19,"BIAT",81.8
"340860",2015-06-22,"BIAT",81.8
"340861",2015-06-23,"BIAT",81.8
"340862",2015-06-24,"BIAT",81.81
"340865",2015-07-24,"BIAT",81.89
"340866",2015-07-21,"BIAT",81.9
"340869",2015-04-17,"BIAT",81.98
"340876",2016-03-04,"BIAT",81.99
"340902",2015-04-03,"BIAT",82
"340903",2015-04-13,"BIAT",82
"340904",2015-04-15,"BIAT",82
"340905",2015-04-16,"BIAT",82
"340906",2015-04-20,"BIAT",82
"340907",2015-04-21,"BIAT",82
"340908",2015-04-22,"BIAT",82
"340909",2015-05-26,"BIAT",82
"340910",2015-06-16,"BIAT",82
"340911",2015-06-17,"BIAT",82
"340912",2015-06-18,"BIAT",82
"340913",2015-06-26,"BIAT",82
"340914",2016-03-02,"BIAT",82
"340915",2016-03-03,"BIAT",82
"340916",2016-03-07,"BIAT",82
"340917",2016-07-20,"BIAT",82
"340918",2016-07-21,"BIAT",82
"340926",2015-04-14,"BIAT",82.02
"340930",2015-04-24,"BIAT",82.1
"340931",2015-06-25,"BIAT",82.1
"340934",2015-04-23,"BIAT",82.15
"340937",2015-04-06,"BIAT",82.2
"340939",2015-02-23,"BIAT",82.21
"340945",2015-04-27,"BIAT",82.4
"340946",2015-04-28,"BIAT",82.4
"340964",2015-05-11,"BIAT",82.5
"340975",2015-03-24,"BIAT",82.79
"340976",2015-03-23,"BIAT",82.8
"340977",2015-07-16,"BIAT",82.8
"340979",2015-02-20,"BIAT",82.9
"340980",2015-07-20,"BIAT",82.9
"340981",2015-07-14,"BIAT",82.98
"340984",2015-02-06,"BIAT",83
"340985",2015-02-19,"BIAT",83
"340986",2015-03-06,"BIAT",83
"340987",2015-03-09,"BIAT",83
"340988",2015-03-10,"BIAT",83
"340989",2015-03-13,"BIAT",83
"340990",2015-03-16,"BIAT",83
"340991",2015-03-18,"BIAT",83
"340992",2015-03-19,"BIAT",83
"340993",2015-04-10,"BIAT",83
"340994",2015-04-29,"BIAT",83
"340995",2015-04-30,"BIAT",83
"340996",2015-05-04,"BIAT",83
"340997",2015-05-05,"BIAT",83
"340998",2015-05-06,"BIAT",83
"340999",2015-05-08,"BIAT",83
"341000",2015-05-22,"BIAT",83
"341001",2015-05-27,"BIAT",83
"341002",2015-05-28,"BIAT",83
"341003",2015-07-10,"BIAT",83
"341004",2016-06-30,"BIAT",83
"341005",2016-08-01,"BIAT",83
"341007",2015-05-14,"BIAT",83.02
"341008",2015-06-01,"BIAT",83.04
"341009",2015-05-20,"BIAT",83.1
"341010",2015-05-21,"BIAT",83.1
"341011",2015-03-11,"BIAT",83.2
"341014",2015-08-05,"BIAT",83.25
"341015",2015-08-06,"BIAT",83.25
"341016",2015-06-04,"BIAT",83.26
"341017",2015-07-13,"BIAT",83.3
"341018",2015-04-08,"BIAT",83.4
"341019",2015-05-12,"BIAT",83.4
"341020",2015-08-04,"BIAT",83.4
"341021",2016-07-15,"BIAT",83.4
"341023",2015-02-24,"BIAT",83.5
"341024",2015-02-25,"BIAT",83.5
"341025",2015-03-12,"BIAT",83.5
"341026",2015-03-17,"BIAT",83.5
"341027",2016-07-08,"BIAT",83.5
"341028",2016-07-18,"BIAT",83.5
"341029",2016-07-19,"BIAT",83.5
"341030",2016-07-27,"BIAT",83.5
"341031",2016-07-28,"BIAT",83.5
"341032",2016-07-29,"BIAT",83.5
"341033",2016-08-02,"BIAT",83.5
"341034",2016-08-16,"BIAT",83.5
"341039",2015-05-29,"BIAT",83.6
"341040",2015-05-15,"BIAT",83.79
"341041",2016-06-15,"BIAT",83.8
"341048",2015-04-07,"BIAT",83.9
"341049",2015-06-11,"BIAT",83.9
"341050",2015-06-12,"BIAT",83.9
"341051",2016-03-08,"BIAT",83.9
"341052",2015-03-05,"BIAT",83.93
"341056",2015-01-30,"BIAT",83.94
"341057",2016-07-26,"BIAT",83.95
"341060",2015-03-04,"BIAT",83.97
"341061",2015-05-19,"BIAT",83.98
"341062",2016-08-04,"BIAT",83.98
"341064",2015-02-18,"BIAT",83.99
"341065",2016-08-03,"BIAT",83.99
"341085",2015-02-26,"BIAT",84
"341086",2015-03-03,"BIAT",84
"341087",2015-05-18,"BIAT",84
"341088",2015-06-10,"BIAT",84
"341090",2016-07-11,"BIAT",84
"341091",2016-07-12,"BIAT",84
"341092",2016-07-13,"BIAT",84
"341093",2016-07-14,"BIAT",84
"341094",2016-07-22,"BIAT",84
"341095",2016-08-05,"BIAT",84
"341101",2016-08-08,"BIAT",84.01
"341102",2016-08-09,"BIAT",84.01
"341104",2016-06-16,"BIAT",84.05
"341105",2016-06-17,"BIAT",84.05
"341106",2016-06-22,"BIAT",84.05
"341107",2016-08-10,"BIAT",84.05
"341108",2016-06-21,"BIAT",84.07
"341117",2015-03-02,"BIAT",84.2
"341118",2016-06-20,"BIAT",84.2
"341119",2016-07-01,"BIAT",84.2
"341120",2016-07-04,"BIAT",84.2
"341121",2015-02-27,"BIAT",84.21
"341122",2016-06-29,"BIAT",84.25
"341123",2015-05-13,"BIAT",84.3
"341124",2016-06-24,"BIAT",84.3
"341125",2015-02-09,"BIAT",84.4
"341132",2016-08-11,"BIAT",84.51
"341133",2016-08-12,"BIAT",84.51
"341134",2016-08-18,"BIAT",84.51
"341135",2015-02-12,"BIAT",84.6
"341136",2015-02-13,"BIAT",84.6
"341137",2016-08-19,"BIAT",84.75
"341138",2015-06-09,"BIAT",84.78
"341139",2015-06-08,"BIAT",84.79
"341154",2015-02-05,"BIAT",84.9
"341155",2015-02-16,"BIAT",84.9
"341156",2015-02-17,"BIAT",84.9
"341157",2015-06-05,"BIAT",84.9
"341159",2016-04-29,"BIAT",84.9
"341160",2016-06-23,"BIAT",84.9
"341161",2016-06-27,"BIAT",84.9
"341162",2016-06-28,"BIAT",84.9
"341171",2015-06-03,"BIAT",84.97
"341173",2015-06-02,"BIAT",84.98
"341176",2015-02-02,"BIAT",84.99
"341195",2015-02-03,"BIAT",85
"341196",2015-02-04,"BIAT",85
"341197",2015-02-11,"BIAT",85
"341198",2016-03-09,"BIAT",85
"341199",2016-03-10,"BIAT",85
"341200",2016-04-27,"BIAT",85
"341201",2016-04-28,"BIAT",85
"341202",2016-05-02,"BIAT",85
"341203",2016-05-03,"BIAT",85
"341204",2016-05-04,"BIAT",85
"341207",2016-04-22,"BIAT",85.01
"341208",2016-05-05,"BIAT",85.01
"341215",2016-08-15,"BIAT",85.2
"341219",2015-02-10,"BIAT",85.4
"341220",2016-04-25,"BIAT",85.5
"341221",2016-04-26,"BIAT",85.54
"341225",2016-03-16,"BIAT",85.61
"341228",2016-04-20,"BIAT",85.7
"341255",2016-08-17,"BIAT",86
"341271",2016-04-19,"BIAT",86.5
"341272",2016-04-21,"BIAT",86.5
"341273",2016-05-19,"BIAT",86.5
"341274",2016-08-23,"BIAT",86.5
"341276",2016-08-24,"BIAT",86.51
"341280",2016-03-30,"BIAT",86.59
"341284",2016-03-31,"BIAT",86.62
"341286",2016-08-25,"BIAT",86.71
"341290",2016-08-22,"BIAT",86.8
"341295",2016-04-18,"BIAT",86.99
"341315",2016-03-11,"BIAT",87
"341316",2016-03-15,"BIAT",87
"341317",2016-03-17,"BIAT",87
"341318",2016-03-18,"BIAT",87
"341319",2016-04-13,"BIAT",87
"341320",2016-04-14,"BIAT",87
"341321",2016-04-15,"BIAT",87
"341322",2016-05-20,"BIAT",87
"341325",2016-04-11,"BIAT",87.05
"341326",2016-04-12,"BIAT",87.06
"341331",2016-08-31,"BIAT",87.15
"341332",2016-06-14,"BIAT",87.2
"341346",2016-03-14,"BIAT",87.3
"341349",2016-06-08,"BIAT",87.4
"341365",2016-06-02,"BIAT",87.5
"341369",2016-09-01,"BIAT",87.51
"341374",2016-05-06,"BIAT",87.63
"341376",2016-05-11,"BIAT",87.7
"341377",2016-05-12,"BIAT",87.7
"341379",2016-05-27,"BIAT",87.99
"341380",2016-12-19,"BIAT",87.99
"341381",2016-12-20,"BIAT",87.99
"341382",2016-12-28,"BIAT",87.99
"341402",2017-01-02,"BIAT",88
"341403",2016-04-07,"BIAT",88
"341404",2016-04-08,"BIAT",88
"341405",2016-05-10,"BIAT",88
"341406",2016-05-17,"BIAT",88
"341407",2016-05-18,"BIAT",88
"341408",2016-05-23,"BIAT",88
"341409",2016-05-31,"BIAT",88
"341410",2016-09-02,"BIAT",88
"341411",2016-09-05,"BIAT",88
"341412",2016-12-02,"BIAT",88
"341413",2016-12-16,"BIAT",88
"341414",2016-12-21,"BIAT",88
"341415",2016-12-23,"BIAT",88
"341416",2016-12-26,"BIAT",88
"341417",2016-12-27,"BIAT",88
"341421",2016-06-01,"BIAT",88.02
"341422",2016-09-22,"BIAT",88.02
"341423",2016-09-23,"BIAT",88.03
"341424",2016-10-19,"BIAT",88.03
"341430",2016-10-17,"BIAT",88.1
"341435",2016-05-30,"BIAT",88.11
"341436",2016-10-20,"BIAT",88.11
"341437",2016-06-03,"BIAT",88.19
"341438",2016-06-07,"BIAT",88.19
"341442",2016-10-11,"BIAT",88.2
"341443",2016-10-18,"BIAT",88.2
"341444",2016-12-15,"BIAT",88.2
"341445",2016-12-29,"BIAT",88.2
"341449",2016-10-21,"BIAT",88.3
"341452",2016-06-06,"BIAT",88.35
"341453",2016-06-13,"BIAT",88.35
"341454",2016-06-10,"BIAT",88.4
"341455",2016-09-21,"BIAT",88.4
"341457",2016-05-16,"BIAT",88.5
"341458",2016-06-09,"BIAT",88.5
"341459",2016-09-07,"BIAT",88.5
"341460",2016-09-20,"BIAT",88.5
"341461",2016-10-04,"BIAT",88.5
"341462",2016-10-27,"BIAT",88.5
"341463",2016-12-01,"BIAT",88.5
"341466",2016-11-02,"BIAT",88.51
"341467",2016-09-30,"BIAT",88.6
"341468",2016-10-05,"BIAT",88.6
"341469",2016-12-09,"BIAT",88.6
"341472",2016-09-06,"BIAT",88.79
"341473",2016-08-30,"BIAT",88.8
"341474",2016-09-29,"BIAT",88.8
"341475",2016-12-05,"BIAT",88.8
"341478",2016-05-13,"BIAT",88.9
"341479",2016-05-24,"BIAT",88.9
"341480",2016-11-03,"BIAT",88.96
"341481",2016-11-04,"BIAT",88.96
"341482",2016-12-14,"BIAT",88.98
"341484",2016-04-04,"BIAT",88.99
"341485",2016-10-14,"BIAT",88.99
"341497",2017-01-03,"BIAT",89
"341502",2016-04-06,"BIAT",89
"341503",2016-08-26,"BIAT",89
"341504",2016-09-08,"BIAT",89
"341505",2016-09-09,"BIAT",89
"341506",2016-09-14,"BIAT",89
"341507",2016-09-27,"BIAT",89
"341508",2016-09-28,"BIAT",89
"341509",2016-10-06,"BIAT",89
"341510",2016-10-13,"BIAT",89
"341511",2016-10-28,"BIAT",89
"341512",2016-11-01,"BIAT",89
"341513",2016-11-07,"BIAT",89
"341514",2016-11-08,"BIAT",89
"341515",2016-12-08,"BIAT",89
"341516",2016-12-13,"BIAT",89
"341517",2016-12-22,"BIAT",89
"341521",2016-10-07,"BIAT",89.01
"341523",2016-09-15,"BIAT",89.1
"341524",2016-10-31,"BIAT",89.18
"341525",2016-10-12,"BIAT",89.19
"341526",2016-11-09,"BIAT",89.19
"341527",2016-10-24,"BIAT",89.2
"341528",2016-04-01,"BIAT",89.21
"341531",2016-03-29,"BIAT",89.25
"341535",2016-10-25,"BIAT",89.29
"341547",2016-09-26,"BIAT",89.4
"341549",2016-09-16,"BIAT",89.49
"341550",2016-10-10,"BIAT",89.49
"341552",2016-04-05,"BIAT",89.5
"341553",2016-09-19,"BIAT",89.5
"341554",2016-11-30,"BIAT",89.5
"341590",2016-12-30,"BIAT",89.75
"341591",2016-05-09,"BIAT",89.79
"341598",2016-05-26,"BIAT",89.8
"341599",2016-08-29,"BIAT",89.8
"341600",2016-11-22,"BIAT",89.8
"341601",2016-12-07,"BIAT",89.8
"341609",2016-11-14,"BIAT",89.9
"341610",2016-12-06,"BIAT",89.9
"341615",2017-01-04,"BIAT",89.98
"341616",2016-05-25,"BIAT",89.98
"341624",2016-11-23,"BIAT",89.99
"341636",2017-01-19,"BIAT",90
"341637",2017-01-31,"BIAT",90
"341638",2017-02-01,"BIAT",90
"341639",2017-02-02,"BIAT",90
"341640",2017-02-03,"BIAT",90
"341641",2017-02-06,"BIAT",90
"341642",2017-02-07,"BIAT",90
"341643",2017-02-08,"BIAT",90
"341644",2017-02-09,"BIAT",90
"341646",2016-11-11,"BIAT",90
"341647",2016-11-16,"BIAT",90
"341648",2016-11-17,"BIAT",90
"341649",2016-11-18,"BIAT",90
"341650",2016-11-21,"BIAT",90
"341651",2016-11-24,"BIAT",90
"341652",2016-11-25,"BIAT",90
"341653",2016-11-28,"BIAT",90
"341654",2016-11-29,"BIAT",90
"341670",2017-01-26,"BIAT",90.02
"341674",2017-02-17,"BIAT",90.1
"341681",2017-03-10,"BIAT",90.2
"341741",2017-02-16,"BIAT",90.3
"341748",2017-02-15,"BIAT",90.5
"341749",2016-11-15,"BIAT",90.5
"341754",2017-02-14,"BIAT",90.52
"341835",2017-01-06,"BIAT",90.8
"341838",2017-01-17,"BIAT",90.84
"341841",2017-01-16,"BIAT",90.85
"341846",2017-01-13,"BIAT",90.88
"341848",2017-01-12,"BIAT",90.89
"341849",2017-01-05,"BIAT",90.9
"341850",2016-11-10,"BIAT",90.9
"341852",2016-03-21,"BIAT",90.91
"341928",2017-02-10,"BIAT",91
"341929",2017-02-20,"BIAT",91
"341930",2017-02-21,"BIAT",91
"341931",2017-03-13,"BIAT",91
"341946",2017-01-09,"BIAT",91.01
"341949",2017-03-06,"BIAT",91.04
"341954",2017-03-07,"BIAT",91.1
"342022",2017-01-25,"BIAT",91.21
"342038",2017-01-10,"BIAT",91.4
"342083",2017-01-27,"BIAT",91.5
"342084",2017-01-30,"BIAT",91.5
"342085",2017-02-13,"BIAT",91.5
"342086",2017-02-22,"BIAT",91.5
"342087",2017-02-23,"BIAT",91.5
"342088",2017-02-24,"BIAT",91.5
"342089",2016-03-25,"BIAT",91.5
"342107",2017-01-23,"BIAT",91.7
"342115",2017-01-24,"BIAT",91.79
"342116",2017-03-01,"BIAT",91.8
"342118",2017-03-03,"BIAT",91.81
"342119",2017-03-02,"BIAT",91.82
"342120",2017-01-11,"BIAT",91.89
"342121",2016-03-24,"BIAT",91.89
"342122",2017-03-09,"BIAT",91.9
"342123",2016-03-28,"BIAT",91.9
"342127",2017-02-28,"BIAT",91.95
"342132",2017-01-18,"BIAT",92
"342133",2017-02-27,"BIAT",92
"342134",2017-03-08,"BIAT",92
"342136",2016-03-22,"BIAT",92
"342137",2016-03-23,"BIAT",92
"342185",2017-01-20,"BIAT",92.39
"342209",2017-03-15,"BIAT",92.51
"342211",2017-04-25,"BIAT",92.52
"342212",2017-04-24,"BIAT",92.53
"342221",2017-04-21,"BIAT",92.6
"342239",2017-04-14,"BIAT",92.71
"342248",2017-03-30,"BIAT",92.81
"342436",2017-03-29,"BIAT",93
"342437",2017-03-31,"BIAT",93
"342456",2017-04-26,"BIAT",93.01
"342459",2017-04-20,"BIAT",93.1
"342460",2017-04-27,"BIAT",93.1
"342465",2017-04-28,"BIAT",93.15
"342471",2017-05-10,"BIAT",93.2
"342486",2017-03-14,"BIAT",93.5
"342521",2017-03-16,"BIAT",93.8
"342529",2017-04-03,"BIAT",93.9
"342535",2017-04-17,"BIAT",93.94
"342551",2017-04-04,"BIAT",94
"342552",2017-04-18,"BIAT",94
"342553",2017-04-19,"BIAT",94
"342584",2017-05-02,"BIAT",94.01
"342585",2017-05-03,"BIAT",94.01
"342586",2017-05-16,"BIAT",94.01
"342587",2017-05-17,"BIAT",94.01
"342603",2017-04-05,"BIAT",94.03
"342906",2017-03-28,"BIAT",94.4
"342912",2017-03-23,"BIAT",94.5
"342913",2017-03-24,"BIAT",94.5
"342914",2017-05-04,"BIAT",94.5
"342915",2017-05-19,"BIAT",94.5
"342916",2017-05-22,"BIAT",94.5
"342917",2017-05-24,"BIAT",94.5
"342918",2017-05-25,"BIAT",94.5
"342940",2017-03-22,"BIAT",94.73
"342942",2017-03-17,"BIAT",94.8
"342943",2017-03-21,"BIAT",94.8
"342944",2017-03-27,"BIAT",94.8
"342957",2017-05-15,"BIAT",94.9
"343087",2017-05-05,"BIAT",95
"343088",2017-05-18,"BIAT",95
"343089",2017-05-23,"BIAT",95
"343182",2017-04-10,"BIAT",95.06
"343516",2017-04-13,"BIAT",95.52
"343540",2017-05-09,"BIAT",95.6
"343554",2017-05-08,"BIAT",95.63
"343567",2017-05-11,"BIAT",95.71
"343794",2017-04-06,"BIAT",96
"343797",2017-05-12,"BIAT",96
"343798",2017-05-26,"BIAT",96
"343799",2017-05-29,"BIAT",96
"343800",2017-05-30,"BIAT",96
"343801",2017-05-31,"BIAT",96
"343932",2017-06-01,"BIAT",96.2
"344117",2017-04-11,"BIAT",96.5
"344773",2017-06-12,"BIAT",97.36
"345626",2017-04-12,"BIAT",97.9
"345646",2017-04-07,"BIAT",98
"346558",2017-06-02,"BIAT",98.5
"347218",2017-06-05,"BIAT",98.7
"348056",2017-06-06,"BIAT",99
"352298",2017-06-07,"BIAT",99.99
"397635",2017-06-09,"BIAT",100
"397637",2017-06-13,"BIAT",100
"397638",2017-06-14,"BIAT",100
"398855",2017-06-08,"BIAT",100.6
"398856",2017-06-21,"BIAT",100.6
"398878",2017-06-16,"BIAT",100.8
"398944",2017-06-23,"BIAT",101.51
"399295",2017-06-28,"BIAT",101.99
"399300",2017-06-15,"BIAT",102
"399722",2017-06-20,"BIAT",102.5
"399723",2017-06-22,"BIAT",102.5
"399815",2017-06-19,"BIAT",103
"399816",2017-06-29,"BIAT",103
"399948",2017-06-30,"BIAT",104.1
"400020",2017-08-01,"BIAT",105
"400081",2017-07-03,"BIAT",106
"400082",2017-07-21,"BIAT",106
"400083",2017-07-24,"BIAT",106
"400084",2017-07-31,"BIAT",106
"400085",2017-08-02,"BIAT",106
"400095",2017-07-26,"BIAT",106.02
"400096",2017-07-20,"BIAT",106.05
"400099",2017-07-27,"BIAT",106.1
"400100",2017-07-28,"BIAT",106.1
"400362",2017-08-03,"BIAT",107
"400415",2019-06-11,"BIAT",107.99
"400427",2017-08-04,"BIAT",108
"400464",2017-07-19,"BIAT",108.4
"400465",2017-08-07,"BIAT",108.4
"400486",2019-03-15,"BIAT",108.64
"400519",2019-03-13,"BIAT",109
"400520",2019-06-10,"BIAT",109
"400521",2019-06-14,"BIAT",109
"400522",2019-06-17,"BIAT",109
"400523",2019-06-18,"BIAT",109
"400542",2017-07-04,"BIAT",109
"400543",2017-07-13,"BIAT",109
"400544",2017-07-18,"BIAT",109
"400563",2019-06-13,"BIAT",109.05
"400593",2019-03-18,"BIAT",109.5
"400594",2019-03-19,"BIAT",109.5
"400595",2019-06-03,"BIAT",109.5
"400596",2019-06-07,"BIAT",109.5
"400597",2019-06-27,"BIAT",109.5
"400635",2019-06-20,"BIAT",109.98
"400636",2017-08-10,"BIAT",109.99
"400637",2017-08-15,"BIAT",109.99
"400639",2019-05-29,"BIAT",110
"400640",2019-05-30,"BIAT",110
"400641",2019-05-31,"BIAT",110
"400642",2019-06-12,"BIAT",110
"400643",2019-06-19,"BIAT",110
"400644",2019-06-24,"BIAT",110
"400645",2019-06-26,"BIAT",110
"400646",2019-06-28,"BIAT",110
"400647",2019-07-01,"BIAT",110
"400648",2019-07-02,"BIAT",110
"400649",2019-07-03,"BIAT",110
"400650",2019-07-04,"BIAT",110
"400651",2019-10-30,"BIAT",110
"400658",2017-07-14,"BIAT",110
"400659",2017-07-17,"BIAT",110
"400660",2017-08-08,"BIAT",110
"400661",2017-08-09,"BIAT",110
"400662",2017-08-11,"BIAT",110
"400663",2017-08-14,"BIAT",110
"400664",2017-08-16,"BIAT",110
"400665",2017-08-17,"BIAT",110
"400666",2017-08-18,"BIAT",110
"400683",2019-10-31,"BIAT",110.01
"400684",2019-11-20,"BIAT",110.01
"400685",2017-07-12,"BIAT",110.01
"400686",2017-08-21,"BIAT",110.01
"400692",2019-10-07,"BIAT",110.1
"400693",2019-10-28,"BIAT",110.1
"400704",2019-10-24,"BIAT",110.16
"400708",2019-11-25,"BIAT",110.21
"400710",2019-06-21,"BIAT",110.25
"400711",2019-10-22,"BIAT",110.28
"400717",2019-10-25,"BIAT",110.31
"400718",2019-10-09,"BIAT",110.32
"400719",2019-10-18,"BIAT",110.4
"400720",2019-10-21,"BIAT",110.4
"400732",2017-08-24,"BIAT",110.45
"400735",2019-05-28,"BIAT",110.5
"400736",2019-10-02,"BIAT",110.5
"400737",2019-10-23,"BIAT",110.5
"400738",2019-11-26,"BIAT",110.5
"400764",2019-10-10,"BIAT",110.65
"400765",2019-11-19,"BIAT",110.69
"400766",2019-10-03,"BIAT",110.7
"400767",2019-10-11,"BIAT",110.7
"400769",2019-11-18,"BIAT",110.71
"400771",2019-10-29,"BIAT",110.8
"400773",2019-10-04,"BIAT",110.81
"400774",2019-03-14,"BIAT",110.87
"400775",2019-10-08,"BIAT",110.9
"400777",2019-01-10,"BIAT",110.99
"400778",2019-07-05,"BIAT",110.99
"400780",2019-05-27,"BIAT",111
"400781",2019-06-25,"BIAT",111
"400782",2019-07-09,"BIAT",111
"400783",2019-11-13,"BIAT",111
"400784",2019-11-15,"BIAT",111
"400785",2019-11-21,"BIAT",111
"400786",2019-11-22,"BIAT",111
"400787",2019-11-27,"BIAT",111
"400788",2019-11-28,"BIAT",111
"400789",2019-11-29,"BIAT",111
"400790",2019-12-02,"BIAT",111
"400791",2019-12-03,"BIAT",111
"400792",2017-08-22,"BIAT",111
"400793",2017-08-23,"BIAT",111
"400796",2019-09-24,"BIAT",111.01
"400797",2019-12-04,"BIAT",111.01
"400806",2019-09-25,"BIAT",111.1
"400807",2019-12-05,"BIAT",111.1
"400809",2019-12-06,"BIAT",111.16
"400853",2019-05-22,"BIAT",111.4
"400863",2019-10-14,"BIAT",111.49
"400871",2019-05-21,"BIAT",111.6
"400872",2019-10-16,"BIAT",111.6
"400873",2019-11-14,"BIAT",111.6
"400874",2019-12-10,"BIAT",111.6
"400877",2019-05-23,"BIAT",111.7
"400887",2019-10-17,"BIAT",111.8
"400889",2019-05-24,"BIAT",111.9
"400890",2017-07-10,"BIAT",111.9
"400891",2017-07-11,"BIAT",111.9
"400893",2019-11-08,"BIAT",111.99
"400895",2019-03-12,"BIAT",112
"400896",2019-03-21,"BIAT",112
"400897",2019-05-20,"BIAT",112
"400898",2019-07-08,"BIAT",112
"400899",2019-09-23,"BIAT",112
"400900",2019-10-01,"BIAT",112
"400901",2019-11-01,"BIAT",112
"400902",2019-11-07,"BIAT",112
"400903",2019-11-11,"BIAT",112
"400904",2019-12-11,"BIAT",112
"400905",2019-12-12,"BIAT",112
"400906",2019-12-20,"BIAT",112
"400910",2017-07-05,"BIAT",112
"400911",2017-07-06,"BIAT",112
"400913",2019-01-09,"BIAT",112.01
"400914",2019-12-23,"BIAT",112.01
"400915",2019-09-26,"BIAT",112.02
"400916",2019-09-27,"BIAT",112.02
"400919",2019-11-12,"BIAT",112.1
"400920",2019-12-17,"BIAT",112.1
"400921",2019-12-18,"BIAT",112.1
"400924",2019-07-30,"BIAT",112.11
"400928",2019-12-13,"BIAT",112.15
"400929",2019-12-16,"BIAT",112.15
"400935",2019-01-15,"BIAT",112.3
"400937",2019-12-19,"BIAT",112.3
"400977",2019-09-30,"BIAT",112.5
"400978",2019-11-06,"BIAT",112.5
"400981",2017-07-07,"BIAT",112.5
"401007",2019-03-11,"BIAT",112.8
"401008",2019-05-16,"BIAT",112.8
"401009",2019-05-17,"BIAT",112.8
"401010",2019-12-24,"BIAT",112.8
"401021",2019-07-11,"BIAT",112.89
"401044",2019-07-10,"BIAT",112.99
"401046",2019-01-11,"BIAT",113
"401047",2019-02-12,"BIAT",113
"401048",2019-02-21,"BIAT",113
"401049",2019-03-06,"BIAT",113
"401050",2019-05-14,"BIAT",113
"401051",2019-05-15,"BIAT",113
"401052",2019-09-20,"BIAT",113
"401053",2019-11-04,"BIAT",113
"401054",2019-11-05,"BIAT",113
"401055",2019-12-09,"BIAT",113
"401072",2019-09-19,"BIAT",113.1
"401075",2019-12-26,"BIAT",113.2
"401076",2019-12-27,"BIAT",113.2
"401080",2019-12-30,"BIAT",113.31
"401090",2019-03-05,"BIAT",113.5
"401091",2019-03-08,"BIAT",113.5
"401097",2017-08-25,"BIAT",113.5
"401119",2017-11-16,"BIAT",113.6
"401131",2017-11-14,"BIAT",113.9
"401132",2017-11-17,"BIAT",113.9
"401134",2019-04-24,"BIAT",113.95
"401135",2019-04-25,"BIAT",113.95
"401138",2019-02-19,"BIAT",114
"401139",2019-07-31,"BIAT",114
"401140",2019-09-10,"BIAT",114
"401141",2019-12-31,"BIAT",114
"401144",2017-08-28,"BIAT",114
"401145",2017-09-07,"BIAT",114
"401146",2017-09-11,"BIAT",114
"401147",2017-10-19,"BIAT",114
"401148",2017-10-26,"BIAT",114
"401149",2017-10-30,"BIAT",114
"401150",2017-10-31,"BIAT",114
"401151",2017-11-01,"BIAT",114
"401152",2017-11-09,"BIAT",114
"401153",2017-11-13,"BIAT",114
"401154",2017-11-15,"BIAT",114
"401155",2017-11-20,"BIAT",114
"401164",2019-01-07,"BIAT",114.01
"401165",2017-11-02,"BIAT",114.01
"401166",2017-10-27,"BIAT",114.05
"401168",2019-09-12,"BIAT",114.1
"401169",2017-11-10,"BIAT",114.11
"401171",2017-10-20,"BIAT",114.2
"401173",2019-09-13,"BIAT",114.21
"401175",2019-07-29,"BIAT",114.31
"401185",2017-11-06,"BIAT",114.49
"401187",2019-05-13,"BIAT",114.5
"401188",2019-09-11,"BIAT",114.5
"401189",2019-09-17,"BIAT",114.5
"401196",2017-10-18,"BIAT",114.5
"401197",2017-10-23,"BIAT",114.5
"401198",2017-11-21,"BIAT",114.5
"401215",2017-09-29,"BIAT",114.62
"401216",2017-10-02,"BIAT",114.62
"401219",2017-10-03,"BIAT",114.65
"401223",2017-10-16,"BIAT",114.79
"401224",2017-09-06,"BIAT",114.8
"401225",2017-10-17,"BIAT",114.8
"401226",2017-11-22,"BIAT",114.8
"401227",2017-11-23,"BIAT",114.8
"401232",2019-04-08,"BIAT",114.9
"401233",2019-04-12,"BIAT",114.9
"401234",2019-04-23,"BIAT",114.9
"401241",2019-12-25,"BIAT",114.95
"401248",2019-04-15,"BIAT",114.98
"401250",2019-01-08,"BIAT",115
"401251",2019-02-11,"BIAT",115
"401252",2019-02-13,"BIAT",115
"401253",2019-02-14,"BIAT",115
"401254",2019-02-15,"BIAT",115
"401255",2019-02-18,"BIAT",115
"401256",2019-02-20,"BIAT",115
"401257",2019-02-22,"BIAT",115
"401258",2019-02-25,"BIAT",115
"401259",2019-02-28,"BIAT",115
"401260",2019-03-01,"BIAT",115
"401261",2019-03-07,"BIAT",115
"401262",2019-04-10,"BIAT",115
"401263",2019-04-11,"BIAT",115
"401264",2019-04-16,"BIAT",115
"401265",2019-04-18,"BIAT",115
"401266",2019-04-19,"BIAT",115
"401267",2019-04-29,"BIAT",115
"401268",2019-07-24,"BIAT",115
"401269",2019-07-26,"BIAT",115
"401270",2019-08-01,"BIAT",115
"401271",2019-08-15,"BIAT",115
"401272",2019-09-09,"BIAT",115
"401278",2017-09-05,"BIAT",115
"401279",2017-09-08,"BIAT",115
"401280",2017-09-28,"BIAT",115
"401281",2017-10-04,"BIAT",115
"401282",2017-11-07,"BIAT",115
"401283",2017-11-08,"BIAT",115
"401303",2019-04-26,"BIAT",115.1
"401320",2017-10-24,"BIAT",115.2
"401321",2019-04-30,"BIAT",115.21
"401324",2017-10-25,"BIAT",115.25
"401345",2019-04-17,"BIAT",115.5
"401346",2019-04-22,"BIAT",115.5
"401347",2019-05-03,"BIAT",115.5
"401348",2019-05-10,"BIAT",115.5
"401349",2019-08-16,"BIAT",115.5
"401355",2017-10-13,"BIAT",115.5
"401356",2017-11-24,"BIAT",115.5
"401357",2017-10-11,"BIAT",115.51
"401358",2019-01-16,"BIAT",115.66
"401373",2019-09-18,"BIAT",115.7
"401375",2019-07-12,"BIAT",115.88
"401377",2019-08-14,"BIAT",115.89
"401378",2019-08-23,"BIAT",115.9
"401379",2017-10-05,"BIAT",115.9
"401383",2019-08-02,"BIAT",115.95
"401385",2019-08-05,"BIAT",115.98
"401386",2019-08-06,"BIAT",115.98
"401388",2019-03-04,"BIAT",115.99
"401392",2019-02-07,"BIAT",116
"401393",2019-02-08,"BIAT",116
"401394",2019-02-26,"BIAT",116
"401395",2019-03-22,"BIAT",116
"401396",2019-03-29,"BIAT",116
"401397",2019-04-02,"BIAT",116
"401398",2019-05-06,"BIAT",116
"401399",2019-07-22,"BIAT",116
"401400",2019-07-23,"BIAT",116
"401401",2019-08-09,"BIAT",116
"401402",2019-08-26,"BIAT",116
"401403",2019-09-16,"BIAT",116
"401412",2017-09-14,"BIAT",116
"401413",2017-10-09,"BIAT",116
"401414",2017-10-10,"BIAT",116
"401422",2017-09-15,"BIAT",116.01
"401423",2019-09-06,"BIAT",116.03
"401425",2017-09-13,"BIAT",116.15
"401441",2017-09-26,"BIAT",116.3
"401442",2017-09-27,"BIAT",116.3
"401443",2019-02-27,"BIAT",116.4
"401445",2019-08-20,"BIAT",116.48
"401447",2019-08-19,"BIAT",116.49
"401450",2017-09-25,"BIAT",116.5
"401451",2017-11-27,"BIAT",116.5
"401452",2017-11-28,"BIAT",116.5
"401459",2017-09-19,"BIAT",116.6
"401465",2019-04-03,"BIAT",116.69
"401467",2019-08-28,"BIAT",116.7
"401471",2019-08-22,"BIAT",116.75
"401472",2019-08-21,"BIAT",116.76
"401473",2019-08-27,"BIAT",116.76
"401474",2017-10-06,"BIAT",116.79
"401476",2017-09-20,"BIAT",116.8
"401477",2017-09-22,"BIAT",116.8
"401486",2017-10-12,"BIAT",116.9
"401489",2019-02-06,"BIAT",116.95
"401490",2019-07-15,"BIAT",116.97
"401492",2019-08-07,"BIAT",116.98
"401493",2019-08-08,"BIAT",116.98
"401495",2019-03-28,"BIAT",116.99
"401500",2017-09-04,"BIAT",116.99
"401501",2019-01-04,"BIAT",117
"401502",2019-04-01,"BIAT",117
"401503",2019-07-17,"BIAT",117
"401504",2019-07-19,"BIAT",117
"401505",2019-09-05,"BIAT",117
"401523",2019-05-02,"BIAT",117.39
"401525",2017-11-29,"BIAT",117.4
"401529",2017-08-31,"BIAT",117.5
"401573",2019-01-03,"BIAT",117.85
"401583",2019-01-02,"BIAT",118
"401584",2019-01-24,"BIAT",118
"401585",2019-03-26,"BIAT",118
"401586",2019-04-05,"BIAT",118
"401587",2019-07-18,"BIAT",118
"401588",2019-08-29,"BIAT",118
"401589",2019-08-30,"BIAT",118
"401590",2019-09-02,"BIAT",118
"401591",2019-09-03,"BIAT",118
"401592",2019-09-04,"BIAT",118
"401599",2018-11-15,"BIAT",118
"401608",2017-12-19,"BIAT",118
"401609",2017-12-20,"BIAT",118
"401610",2017-12-25,"BIAT",118
"401613",2017-12-18,"BIAT",118.01
"401614",2017-12-21,"BIAT",118.01
"401615",2017-12-22,"BIAT",118.01
"401618",2019-02-05,"BIAT",118.1
"401620",2018-01-02,"BIAT",118.1
"401621",2017-09-18,"BIAT",118.1
"401623",2019-03-27,"BIAT",118.2
"401648",2018-11-26,"BIAT",118.48
"401649",2018-11-27,"BIAT",118.48
"401650",2019-07-16,"BIAT",118.49
"401651",2019-04-04,"BIAT",118.5
"401652",2018-01-04,"BIAT",118.5
"401655",2018-12-25,"BIAT",118.55
"401677",2018-11-29,"BIAT",118.9
"401678",2017-09-12,"BIAT",118.9
"401679",2017-08-30,"BIAT",118.95
"401684",2019-01-25,"BIAT",119
"401685",2019-01-28,"BIAT",119
"401686",2019-05-07,"BIAT",119
"401692",2018-11-23,"BIAT",119
"401693",2018-11-28,"BIAT",119
"401694",2018-12-24,"BIAT",119
"401706",2017-12-14,"BIAT",119
"401707",2017-12-15,"BIAT",119
"401719",2017-08-29,"BIAT",119.13
"401730",2019-01-17,"BIAT",119.5
"401735",2018-12-31,"BIAT",119.5
"401744",2017-12-13,"BIAT",119.63
"401746",2019-02-01,"BIAT",119.75
"401747",2019-02-04,"BIAT",119.75
"401752",2019-03-25,"BIAT",119.9
"401753",2018-01-05,"BIAT",119.9
"401755",2018-11-16,"BIAT",119.9
"401756",2018-11-22,"BIAT",119.9
"401764",2019-05-09,"BIAT",119.95
"401766",2017-11-30,"BIAT",119.96
"401768",2018-12-27,"BIAT",119.99
"401770",2019-01-30,"BIAT",120
"401771",2019-01-31,"BIAT",120
"401772",2019-05-08,"BIAT",120
"401773",2018-01-03,"BIAT",120
"401775",2018-11-19,"BIAT",120
"401776",2018-11-21,"BIAT",120
"401777",2018-12-26,"BIAT",120
"401787",2017-12-04,"BIAT",120
"401788",2017-12-08,"BIAT",120
"401789",2017-12-12,"BIAT",120
"401790",2017-12-26,"BIAT",120
"401812",2017-12-07,"BIAT",120.02
"401814",2017-12-11,"BIAT",120.2
"401816",2018-12-28,"BIAT",120.21
"401817",2018-01-10,"BIAT",120.24
"401833",2019-01-23,"BIAT",120.4
"401834",2017-12-06,"BIAT",120.47
"401841",2017-12-05,"BIAT",120.48
"401867",2019-01-29,"BIAT",120.99
"401873",2018-11-14,"BIAT",121
"401885",2018-12-21,"BIAT",121.02
"401889",2017-12-27,"BIAT",121.1
"401890",2017-12-28,"BIAT",121.2
"401900",2018-12-10,"BIAT",121.43
"401902",2018-11-13,"BIAT",121.5
"401928",2018-12-20,"BIAT",121.8
"401934",2018-01-09,"BIAT",121.9
"401937",2019-01-21,"BIAT",121.98
"401938",2019-01-18,"BIAT",122
"401939",2019-01-22,"BIAT",122
"401942",2018-01-11,"BIAT",122
"401943",2018-12-17,"BIAT",122
"401951",2017-12-29,"BIAT",122
"401975",2018-11-30,"BIAT",122.46
"401981",2018-01-08,"BIAT",122.53
"401996",2018-12-18,"BIAT",122.99
"401999",2018-11-09,"BIAT",123
"402000",2018-11-12,"BIAT",123
"402001",2018-12-12,"BIAT",123
"402002",2018-12-19,"BIAT",123
"402041",2018-12-13,"BIAT",123.95
"402042",2018-12-14,"BIAT",123.95
"402080",2018-01-15,"BIAT",124.9
"402091",2018-01-12,"BIAT",125
"402092",2018-01-16,"BIAT",125
"402093",2018-12-11,"BIAT",125
"402108",2018-11-08,"BIAT",125.02
"402124",2018-01-22,"BIAT",125.6
"402140",2018-11-01,"BIAT",126
"402153",2018-10-30,"BIAT",126.1
"402162",2018-01-17,"BIAT",126.4
"402198",2018-01-29,"BIAT",126.99
"402203",2018-01-19,"BIAT",127
"402204",2018-01-26,"BIAT",127
"402260",2018-01-23,"BIAT",127.6
"402266",2018-01-30,"BIAT",127.76
"402274",2018-11-02,"BIAT",127.89
"402276",2018-01-25,"BIAT",127.9
"402279",2018-11-06,"BIAT",127.98
"402312",2018-01-24,"BIAT",128.1
"402362",2018-11-07,"BIAT",128.88
"402388",2018-10-31,"BIAT",128.99
"402400",2018-01-18,"BIAT",129
"402442",2018-12-03,"BIAT",129.16
"402446",2018-01-31,"BIAT",129.3
"402447",2018-12-05,"BIAT",129.3
"402448",2018-12-07,"BIAT",129.3
"402467",2018-02-01,"BIAT",129.7
"402470",2018-11-05,"BIAT",129.8
"402471",2018-12-06,"BIAT",129.8
"402478",2018-10-26,"BIAT",129.9
"402498",2018-10-25,"BIAT",130
"402499",2018-10-29,"BIAT",130
"402500",2018-12-04,"BIAT",130
"402628",2018-02-09,"BIAT",131
"402747",2018-02-02,"BIAT",132
"402748",2018-02-20,"BIAT",132
"402782",2018-02-21,"BIAT",132.02
"402812",2018-02-19,"BIAT",132.51
"402814",2018-02-07,"BIAT",132.6
"402822",2018-02-14,"BIAT",132.72
"402823",2018-02-16,"BIAT",132.72
"402834",2018-10-24,"BIAT",132.9
"402850",2018-02-15,"BIAT",133
"402867",2018-02-12,"BIAT",133.12
"402868",2018-02-13,"BIAT",133.2
"402882",2018-02-05,"BIAT",133.63
"402932",2018-02-08,"BIAT",134
"402962",2018-02-06,"BIAT",134.41
"402970",2018-02-26,"BIAT",134.5
"403046",2018-02-23,"BIAT",135.01
"403047",2018-02-27,"BIAT",135.01
"403103",2018-02-22,"BIAT",135.96
"403170",2018-10-23,"BIAT",137
"403302",2018-03-01,"BIAT",138.5
"403314",2018-03-02,"BIAT",138.6
"403317",2018-02-28,"BIAT",138.7
"403366",2018-10-12,"BIAT",139
"403449",2018-03-05,"BIAT",140
"403450",2018-03-06,"BIAT",140
"403458",2018-10-17,"BIAT",140
"403459",2018-10-18,"BIAT",140
"403495",2018-03-09,"BIAT",140.01
"403498",2018-03-12,"BIAT",140.1
"403514",2018-03-08,"BIAT",140.9
"403525",2018-03-07,"BIAT",141
"403527",2018-10-19,"BIAT",141
"403528",2018-10-22,"BIAT",141
"403538",2018-03-13,"BIAT",141.1
"403539",2018-03-14,"BIAT",141.1
"403542",2018-03-15,"BIAT",141.25
"403547",2018-10-16,"BIAT",141.47
"403551",2018-03-19,"BIAT",141.5
"403563",2018-03-16,"BIAT",141.9
"403573",2018-10-11,"BIAT",142
"403590",2018-04-10,"BIAT",142.01
"403597",2018-03-21,"BIAT",142.3
"403599",2018-04-11,"BIAT",142.35
"403606",2018-04-12,"BIAT",142.6
"403680",2018-04-17,"BIAT",144
"403681",2018-05-21,"BIAT",144
"403682",2018-05-22,"BIAT",144
"403683",2018-10-10,"BIAT",144
"403712",2018-05-17,"BIAT",144.2
"403721",2018-05-18,"BIAT",144.24
"403722",2018-05-15,"BIAT",144.26
"403723",2018-05-16,"BIAT",144.3
"403728",2018-05-23,"BIAT",144.5
"403729",2018-10-09,"BIAT",144.5
"403735",2018-05-30,"BIAT",144.6
"403736",2018-06-08,"BIAT",144.62
"403740",2018-06-05,"BIAT",144.7
"403748",2018-06-12,"BIAT",144.87
"403752",2018-03-22,"BIAT",144.9
"403753",2018-05-24,"BIAT",144.9
"403754",2018-05-25,"BIAT",144.9
"403755",2018-05-28,"BIAT",144.9
"403756",2018-10-05,"BIAT",144.9
"403769",2018-04-20,"BIAT",145
"403770",2018-04-23,"BIAT",145
"403771",2018-04-24,"BIAT",145
"403772",2018-04-26,"BIAT",145
"403773",2018-05-14,"BIAT",145
"403774",2018-05-29,"BIAT",145
"403775",2018-05-31,"BIAT",145
"403776",2018-06-01,"BIAT",145
"403777",2018-06-04,"BIAT",145
"403778",2018-06-06,"BIAT",145
"403779",2018-06-11,"BIAT",145
"403780",2018-06-13,"BIAT",145
"403782",2018-10-04,"BIAT",145
"403822",2018-04-25,"BIAT",145.1
"403823",2018-04-19,"BIAT",145.2
"403835",2018-04-30,"BIAT",145.5
"403836",2018-05-02,"BIAT",145.5
"403839",2018-06-07,"BIAT",145.51
"403848",2018-04-27,"BIAT",145.79
"403863",2018-05-03,"BIAT",146
"403864",2018-05-04,"BIAT",146
"403894",2018-04-18,"BIAT",146.2
"403897",2018-04-13,"BIAT",146.4
"403905",2018-04-16,"BIAT",146.5
"403906",2018-05-07,"BIAT",146.5
"403916",2018-10-08,"BIAT",146.75
"403946",2018-03-23,"BIAT",147
"403947",2018-04-06,"BIAT",147
"403983",2018-05-08,"BIAT",147.5
"403984",2018-05-09,"BIAT",147.5
"403995",2018-05-11,"BIAT",147.7
"404002",2018-05-10,"BIAT",147.8
"404024",2018-06-14,"BIAT",148
"404080",2018-03-26,"BIAT",148.5
"404081",2018-10-03,"BIAT",148.5
"404098",2018-03-28,"BIAT",148.98
"404104",2018-03-27,"BIAT",149
"404105",2018-03-29,"BIAT",149
"404143",2018-04-04,"BIAT",149.3
"404145",2018-04-03,"BIAT",149.5
"404146",2018-04-05,"BIAT",149.5
"404154",2018-04-02,"BIAT",149.6
"404158",2018-09-06,"BIAT",149.69
"404168",2018-03-30,"BIAT",150
"404200",2018-06-18,"BIAT",150.4
"404201",2018-10-02,"BIAT",150.5
"404203",2018-09-21,"BIAT",150.51
"404204",2018-09-27,"BIAT",150.51
"404213",2018-09-28,"BIAT",151
"404241",2018-09-17,"BIAT",151.9
"404252",2018-09-14,"BIAT",152
"404253",2018-09-26,"BIAT",152
"404281",2018-09-25,"BIAT",152.99
"404284",2018-09-13,"BIAT",153
"404285",2018-09-20,"BIAT",153
"404286",2018-10-01,"BIAT",153
"404306",2018-09-24,"BIAT",153.4
"404343",2018-09-19,"BIAT",154.5
"404358",2018-06-19,"BIAT",154.85
"404359",2018-09-18,"BIAT",154.9
"404362",2018-06-20,"BIAT",154.91
"404365",2018-06-21,"BIAT",155
"404455",2018-09-12,"BIAT",157
"404481",2018-06-22,"BIAT",157.5
"404525",2018-09-10,"BIAT",158.66
"404526",2018-09-07,"BIAT",158.8
"404536",2018-06-25,"BIAT",159
"404547",2018-09-05,"BIAT",159.08
"404634",2018-07-12,"BIAT",161.1
"404661",2018-07-13,"BIAT",162
"404662",2018-07-16,"BIAT",162
"404663",2018-07-17,"BIAT",162
"404678",2018-07-09,"BIAT",162.1
"404700",2018-07-06,"BIAT",163
"404724",2018-07-11,"BIAT",163.05
"404725",2018-07-05,"BIAT",163.1
"404735",2018-07-10,"BIAT",163.3
"404750",2018-06-26,"BIAT",163.77
"404788",2018-07-18,"BIAT",164.4
"404792",2018-07-04,"BIAT",164.49
"404810",2018-09-04,"BIAT",164.99
"404815",2018-07-02,"BIAT",165
"404816",2018-07-03,"BIAT",165
"404817",2018-07-19,"BIAT",165
"404818",2018-07-20,"BIAT",165
"404866",2018-06-28,"BIAT",165.9
"404867",2018-06-29,"BIAT",165.9
"404870",2018-07-23,"BIAT",166
"404919",2018-07-24,"BIAT",167
"405020",2018-06-27,"BIAT",168.9
"405068",2018-09-03,"BIAT",169.5
"405199",2018-07-26,"BIAT",173
"405200",2018-08-10,"BIAT",173
"405244",2018-08-31,"BIAT",174
"405258",2018-08-27,"BIAT",174.5
"405259",2018-08-30,"BIAT",174.5
"405272",2018-08-20,"BIAT",175
"405273",2018-08-23,"BIAT",175
"405274",2018-08-24,"BIAT",175
"405275",2018-08-29,"BIAT",175
"405289",2018-08-01,"BIAT",175.4
"405294",2018-08-08,"BIAT",175.5
"405298",2018-08-17,"BIAT",175.8
"405299",2018-08-15,"BIAT",175.9
"405300",2018-08-16,"BIAT",175.9
"405308",2018-07-31,"BIAT",176
"405309",2018-08-09,"BIAT",176
"405310",2018-08-14,"BIAT",176
"405311",2018-08-28,"BIAT",176
"405323",2018-08-02,"BIAT",176.2
"405327",2018-08-03,"BIAT",176.5
"405328",2018-08-06,"BIAT",176.5
"405329",2018-08-07,"BIAT",176.5
"405333",2018-07-27,"BIAT",177
"405334",2018-07-30,"BIAT",177
